,text,favorited,favoriteCount,replyToSN,truncated,replyToSID,id,replyToUID,screenName,retweetCount,isRetweet,retweeted,longitude,latitude
1,"Telangana RTC strike: Opposition parties meet Governor, ask her to intervene
https://t.co/15egxbzOo4",FALSE,0,NA,FALSE,NA,1.19738E+18,NA,thenewsminute,0,FALSE,FALSE,NA,NA
2,"Telangana RTC employees end 47-day strike, want to return to work https://t.co/WcXfwooWxA https://t.co/LOIdRcrBWP",FALSE,0,NA,FALSE,NA,1.19737E+18,NA,AmareshRajput,0,FALSE,FALSE,NA,NA
3,"@KTRTRS @TrsDeena RTC employees are on strike I think is that also brain child of CM KCR sahab ?

People are suffer… https://t.co/0QVDexYx3e",FALSE,3,KTRTRS,TRUE,1.19737E+18,1.19737E+18,118787224,SandeepM4BJP,0,FALSE,FALSE,NA,NA
4,"Telangana RTC employees end 47-day strike, want to return to work via @htTweets https://t.co/8E5VuOKlcZ",FALSE,1,NA,FALSE,NA,1.19736E+18,NA,56perumal,0,FALSE,FALSE,NA,NA
5,"TSRTC employees say ready to call off strike, but with a rider (via: https://t.co/3eOD75DmdD)

Unions offer to end… https://t.co/yXa82X3ehs",FALSE,0,NA,TRUE,NA,1.19733E+18,NA,newsFromHyd,0,FALSE,FALSE,NA,NA
6,"Telangana RTC employees end 47-day strike, want to return to work - india news - https://t.co/4GatTYoGe4",FALSE,0,NA,FALSE,NA,1.19733E+18,NA,southasiansnews,0,FALSE,FALSE,NA,NA
7,"Telangana RTC employees end 47-day strike, want to return to work via @htTweets https://t.co/5AzTa5B7tL",FALSE,0,NA,FALSE,NA,1.19732E+18,NA,ramandialnet,0,FALSE,FALSE,NA,NA
8,RT @Paul_Oommen: After 48 days RTC JAC says they are ready to call off their strike and rejoin services. Will #Telangana Govt be ready to r…,FALSE,0,NA,FALSE,NA,1.19729E+18,NA,Laxmisaudi,13,TRUE,FALSE,NA,NA
9,RT @pavanmirror: #Telangana RTC employees ready to end strike. JAC asks Govt to assure pre-strike working environment for workers to resume…,FALSE,0,NA,FALSE,NA,1.19727E+18,NA,DineshgoudB,8,TRUE,FALSE,NA,NA
10,"RT @NewsMeter_In: As the ongoing RTC strike enters its 47th day, it marks the longest-ever protest in the history of #TSRTC. Meanwhile, the…",FALSE,0,NA,FALSE,NA,1.19726E+18,NA,ShaikMohsin988,1,TRUE,FALSE,NA,NA
11,@KTRTRS @ISBedu @SatyavathiTRS Hello KTR sir what about RTC strike..your government it's not Telangana people gover… https://t.co/iISVu8iKCI,FALSE,0,KTRTRS,TRUE,1.19235E+18,1.19724E+18,118787224,sensurya_d,0,FALSE,FALSE,NA,NA
12,"RTC Strike: JAC Unions to finally end strike?

https://t.co/6MAwJoTZ3l

#RTCJAC #RTCstrike #Telangana",FALSE,0,NA,FALSE,NA,1.19724E+18,NA,teluguinnews,0,FALSE,FALSE,NA,NA
13,"Telangana RTC employees end 47-day strike, want to return to work - india news - Hindustan Times… https://t.co/dubPp6cnNM",FALSE,0,NA,TRUE,NA,1.19721E+18,NA,Employee_Bnfts,0,FALSE,FALSE,NA,NA
14,RT @Paul_Oommen: After 48 days RTC JAC says they are ready to call off their strike and rejoin services. Will #Telangana Govt be ready to r…,FALSE,0,NA,FALSE,NA,1.1972E+18,NA,ShaikMohsin988,13,TRUE,FALSE,NA,NA
15,RT @Paul_Oommen: After 48 days RTC JAC says they are ready to call off their strike and rejoin services. Will #Telangana Govt be ready to r…,FALSE,0,NA,FALSE,NA,1.19719E+18,NA,TVRNSarma,13,TRUE,FALSE,NA,NA
16,@voduvanimuchata It is meaning suitable words( KCR 's political life) RTC 's- JAC- strike is fail of C.M 's hands T… https://t.co/MdQqHQl7A5,FALSE,0,voduvanimuchata,TRUE,1.19717E+18,1.19719E+18,1656898879,MalleshThumma,0,FALSE,FALSE,NA,NA
17,RT @Paul_Oommen: After 48 days RTC JAC says they are ready to call off their strike and rejoin services. Will #Telangana Govt be ready to r…,FALSE,0,NA,FALSE,NA,1.19719E+18,NA,ShaikParvezAhm2,13,TRUE,FALSE,NA,NA
18,"RT @htTweets: Telangana RTC employees end 47-day strike, want to return to work

(report by @asrao2009)

https://t.co/Xb6FZg66pg https://t.…",FALSE,0,NA,FALSE,NA,1.19718E+18,NA,varun18vijay,2,TRUE,FALSE,NA,NA
19,"As the ongoing RTC strike enters its 47th day, it marks the longest-ever protest in the history of #TSRTC. Meanwhil… https://t.co/sDTrZ2DDvE",FALSE,0,NA,TRUE,NA,1.19718E+18,NA,NewsMeter_In,1,FALSE,FALSE,NA,NA
20,RT @Paul_Oommen: After 48 days RTC JAC says they are ready to call off their strike and rejoin services. Will #Telangana Govt be ready to r…,FALSE,0,NA,FALSE,NA,1.19718E+18,NA,KartheekMedico,13,TRUE,FALSE,NA,NA
21,RT @pavanmirror: #Telangana RTC employees ready to end strike. JAC asks Govt to assure pre-strike working environment for workers to resume…,FALSE,0,NA,FALSE,NA,1.19718E+18,NA,RainaMIRROR,8,TRUE,FALSE,NA,NA
22,"RT @htTweets: Telangana RTC employees end 47-day strike, want to return to work

(report by @asrao2009)

https://t.co/Xb6FZg66pg https://t.…",FALSE,0,NA,FALSE,NA,1.19717E+18,NA,urlivelyfriend,2,TRUE,FALSE,NA,NA
23,RT @Paul_Oommen: After 48 days RTC JAC says they are ready to call off their strike and rejoin services. Will #Telangana Govt be ready to r…,FALSE,0,NA,FALSE,NA,1.19717E+18,NA,abdulmalik8990,13,TRUE,FALSE,NA,NA
24,RT @RishikaSadam: #Telangana - #tsrtcstrike- After 48 days RTC JAC (Unions) say they are ready to call off strike and rejoin services if Go…,FALSE,0,NA,FALSE,NA,1.19716E+18,NA,nishikanthreddi,4,TRUE,FALSE,NA,NA
25,"Telangana RTC employees end 47-day strike, want to return to work

(report by @asrao2009)

https://t.co/Xb6FZg66pg https://t.co/jiUryJol2a",FALSE,12,NA,FALSE,NA,1.19716E+18,NA,htTweets,2,FALSE,FALSE,NA,NA
26,"Telangana RTC employees end 47-day strike, want to return to work
https://t.co/wceCBHe2LO",FALSE,0,NA,FALSE,NA,1.19716E+18,NA,HindustanTimes,0,FALSE,FALSE,NA,NA
27,RT @Paul_Oommen: After 48 days RTC JAC says they are ready to call off their strike and rejoin services. Will #Telangana Govt be ready to r…,FALSE,0,NA,FALSE,NA,1.19716E+18,NA,HiHyderabad,13,TRUE,FALSE,NA,NA
28,"RT @moviesupdatesIn: #TSRTCStrike :

After 48 days #TSRTCStrike Called off...

#TSRTC JAC has offered to withdraw the strike provided #RTC…",FALSE,0,NA,FALSE,NA,1.19715E+18,NA,ItsMeeeRaj,3,TRUE,FALSE,NA,NA
29,RT @Paul_Oommen: After 48 days RTC JAC says they are ready to call off their strike and rejoin services. Will #Telangana Govt be ready to r…,FALSE,0,NA,FALSE,NA,1.19715E+18,NA,SA214H,13,TRUE,FALSE,NA,NA
30,"Telangana RTC Strike: JAC Offers to Call Off 47-Day Agitation, Wants KCR Govt to Re-Employ Suspended Bus Drivers, S… https://t.co/MSREUYm5Sb",FALSE,1,NA,TRUE,NA,1.19715E+18,NA,latestly,0,FALSE,FALSE,NA,NA
31,RT @RishikaSadam: #Telangana - #tsrtcstrike- After 48 days RTC JAC (Unions) say they are ready to call off strike and rejoin services if Go…,FALSE,0,NA,FALSE,NA,1.19714E+18,NA,twittvikas7373,4,TRUE,FALSE,NA,NA
32,RT @pavanmirror: #Telangana RTC employees ready to end strike. JAC asks Govt to assure pre-strike working environment for workers to resume…,FALSE,0,NA,FALSE,NA,1.19714E+18,NA,aknarneTDP,8,TRUE,FALSE,NA,NA
33,RT @Paul_Oommen: After 48 days RTC JAC says they are ready to call off their strike and rejoin services. Will #Telangana Govt be ready to r…,FALSE,0,NA,FALSE,NA,1.19714E+18,NA,vivekcochin,13,TRUE,FALSE,NA,NA
34,"RT @ib9tv: RTC Employees On CM KCR After High Court Decision | TSRTC Strike Ends | RTC JAC Stops Strike

<U+25B6><U+FE0F> https://t.co/5zx6TB6vP5

#TSRTC…",FALSE,0,NA,FALSE,NA,1.19714E+18,NA,thunderbilla,1,TRUE,FALSE,NA,NA
35,RT @Paul_Oommen: After 48 days RTC JAC says they are ready to call off their strike and rejoin services. Will #Telangana Govt be ready to r…,FALSE,0,NA,FALSE,NA,1.19714E+18,NA,iSriHyd,13,TRUE,FALSE,NA,NA
36,RT @Paul_Oommen: After 48 days RTC JAC says they are ready to call off their strike and rejoin services. Will #Telangana Govt be ready to r…,FALSE,0,NA,FALSE,NA,1.19714E+18,NA,igayathri9,13,TRUE,FALSE,NA,NA
37,RT @Paul_Oommen: After 48 days RTC JAC says they are ready to call off their strike and rejoin services. Will #Telangana Govt be ready to r…,FALSE,0,NA,FALSE,NA,1.19714E+18,NA,vamshi_konkata,13,TRUE,FALSE,NA,NA
38,"Expected Results #Rtc Employees Papam Leaders and Rtc Union's Bane untai
Madylo People ki Charges And Time bokka
Rt… https://t.co/ztu9wpJzwI",FALSE,0,NA,TRUE,NA,1.19714E+18,NA,urstrulyBalu6,0,FALSE,FALSE,NA,NA
39,RT @RishikaSadam: #Telangana - #tsrtcstrike- After 48 days RTC JAC (Unions) say they are ready to call off strike and rejoin services if Go…,FALSE,0,NA,FALSE,NA,1.19714E+18,NA,vrushank_adda,4,TRUE,FALSE,NA,NA
40,"RTC Employees On CM KCR After High Court Decision | TSRTC Strike Ends | RTC JAC Stops Strike

<U+25B6><U+FE0F>… https://t.co/Js2WPgJRH0",FALSE,0,NA,TRUE,NA,1.19714E+18,NA,ib9tv,1,FALSE,FALSE,NA,NA
41,"RT @indiatvnews: Opposition parties in Telangana seek Governor's intervention in RTC strike
#rtcstrike
https://t.co/91U6UzLtG0",FALSE,0,NA,FALSE,NA,1.19714E+18,NA,Shahzebalvi4,3,TRUE,FALSE,NA,NA
42,After 48 days RTC JAC says they are ready to call off their strike and rejoin services. Will #Telangana Govt be rea… https://t.co/PNqquZ0dGs,FALSE,40,NA,TRUE,NA,1.19714E+18,NA,Paul_Oommen,13,FALSE,FALSE,NA,NA
43,"RT @indiatvnews: Opposition parties in Telangana seek Governor's intervention in RTC strike
#rtcstrike
https://t.co/91U6UzLtG0",FALSE,0,NA,FALSE,NA,1.19713E+18,NA,back2bhagwa,3,TRUE,FALSE,NA,NA
44,RT @RishikaSadam: #Telangana - #tsrtcstrike- After 48 days RTC JAC (Unions) say they are ready to call off strike and rejoin services if Go…,FALSE,0,NA,FALSE,NA,1.19713E+18,NA,Sunny74240064,4,TRUE,FALSE,NA,NA
45,#Telangana - #tsrtcstrike- After 48 days RTC JAC (Unions) say they are ready to call off strike and rejoin services… https://t.co/20fFaVCPcD,FALSE,18,NA,TRUE,NA,1.19713E+18,NA,RishikaSadam,4,FALSE,FALSE,NA,NA
46,"RT @indiatvnews: Opposition parties in Telangana seek Governor's intervention in RTC strike
#rtcstrike
https://t.co/91U6UzLtG0",FALSE,0,NA,FALSE,NA,1.19713E+18,NA,RamuBajpai5,3,TRUE,FALSE,NA,NA
47,"Opposition parties in Telangana seek Governor's intervention in RTC strike
#rtcstrike
https://t.co/91U6UzLtG0",FALSE,6,NA,FALSE,NA,1.19713E+18,NA,indiatvnews,3,FALSE,FALSE,NA,NA
48,RT @pavanmirror: #Telangana RTC employees ready to end strike. JAC asks Govt to assure pre-strike working environment for workers to resume…,FALSE,0,NA,FALSE,NA,1.19713E+18,NA,thunderbilla,8,TRUE,FALSE,NA,NA
49,RT @pavanmirror: #Telangana RTC employees ready to end strike. JAC asks Govt to assure pre-strike working environment for workers to resume…,FALSE,0,NA,FALSE,NA,1.19713E+18,NA,Firdous19492759,8,TRUE,FALSE,NA,NA
50,"RT @moviesupdatesIn: #TSRTCStrike :

After 48 days #TSRTCStrike Called off...

#TSRTC JAC has offered to withdraw the strike provided #RTC…",FALSE,0,NA,FALSE,NA,1.19713E+18,NA,Laxmareddy_WGL,3,TRUE,FALSE,NA,NA
51,"47-day-old TSRTC stike called off by TSRTC JAC
#tsrtcstrike
https://t.co/fzHYJzdNnu",FALSE,0,NA,FALSE,NA,1.19713E+18,NA,SakshiPost,1,FALSE,FALSE,NA,NA
52,RT @pavanmirror: #Telangana RTC employees ready to end strike. JAC asks Govt to assure pre-strike working environment for workers to resume…,FALSE,0,NA,FALSE,NA,1.19713E+18,NA,hanmireddy,8,TRUE,FALSE,NA,NA
53,RT @fasak24x7: Telangana HC decision on RTC strike vindicates State’s stand https://t.co/hqJpVCweVZ https://t.co/DduEYTCgrY,FALSE,0,NA,FALSE,NA,1.19713E+18,NA,TelangaanaBidda,1,TRUE,FALSE,NA,NA
54,"#Telangana #RTC employees call off indefinite strike.

#rtcstrike",FALSE,1,NA,FALSE,NA,1.19713E+18,NA,Raajeev_romi,0,FALSE,FALSE,NA,NA
55,RT @pavanmirror: #Telangana RTC employees ready to end strike. JAC asks Govt to assure pre-strike working environment for workers to resume…,FALSE,0,NA,FALSE,NA,1.19713E+18,NA,only4yellow,8,TRUE,FALSE,NA,NA
56,RT @XpressHyderabad: The fear amongst employees is that they may either be asked to not join or join by signing documents that discourage t…,FALSE,0,NA,FALSE,NA,1.19712E+18,NA,shekharkummari,4,TRUE,FALSE,NA,NA
57,#Telangana RTC employees ready to end strike. JAC asks Govt to assure pre-strike working environment for workers to… https://t.co/FXlbyPjikj,FALSE,10,NA,TRUE,NA,1.19712E+18,NA,pavanmirror,8,FALSE,FALSE,NA,NA
58,"RT @moviesupdatesIn: #TSRTCStrike :

After 48 days #TSRTCStrike Called off...

#TSRTC JAC has offered to withdraw the strike provided #RTC…",FALSE,0,NA,FALSE,NA,1.19712E+18,NA,TeamMUpdatess,3,TRUE,FALSE,NA,NA
59,"#TSRTCStrike :

After 48 days #TSRTCStrike Called off...

#TSRTC JAC has offered to withdraw the strike provided… https://t.co/ZVOPIJMZ5i",FALSE,13,NA,TRUE,NA,1.19712E+18,NA,moviesupdatesIn,3,FALSE,FALSE,NA,NA
60,"RTC Employee Sensational Comments On CM KCR | TSRTC Strike Effect | IB9TV
#Telangana #TSRTCStike #HighCourt #KCR… https://t.co/wm6Op6KGEM",FALSE,0,NA,TRUE,NA,1.19711E+18,NA,ib9tv,0,FALSE,FALSE,NA,NA
61,"RT @thenewsminute: Telangana RTC employees defer decision to call off strike till HC judgement
https://t.co/Qn1H6xdj9V",FALSE,0,NA,FALSE,NA,1.19711E+18,NA,varun18vijay,2,TRUE,FALSE,NA,NA
62,RT @Iamtssudhir: Why have the #RTC employees in #Telangana been on strike for 46 days? Why hasn't the #KCR govt made an effort to engage wi…,FALSE,0,NA,FALSE,NA,1.19709E+18,NA,IrshanNawab,15,TRUE,FALSE,NA,NA
63,RT @XpressHyderabad: The fear amongst employees is that they may either be asked to not join or join by signing documents that discourage t…,FALSE,0,NA,FALSE,NA,1.19709E+18,NA,DonitaJose,4,TRUE,FALSE,NA,NA
64,Telangana Labour Commissioner asked to decide on RTC strike - https://t.co/8pZhH4drTQ https://t.co/nOlJSN9FK2,FALSE,0,NA,FALSE,NA,1.19708E+18,NA,DailyRahnuma,0,FALSE,FALSE,NA,NA
65,"RTC Employee Sensational Comments On CM KCR | TSRTC Strike Effect | IB9TV

<U+25B6><U+FE0F> https://t.co/Z24l5737c2

#tsrtcstrike… https://t.co/vv1IaKw8RI",FALSE,0,NA,TRUE,NA,1.19708E+18,NA,ib9tv,0,FALSE,FALSE,NA,NA
66,Telangana RTC employees defer decision to call off strike https://t.co/wzv8GzXAiI,FALSE,0,NA,FALSE,NA,1.19707E+18,NA,samajweekly,0,FALSE,FALSE,NA,NA
67,Telangana RTC employees defer decision to call off strike - https://t.co/3RdDiawGDB https://t.co/a4epmg2TsG,FALSE,0,NA,FALSE,NA,1.19707E+18,NA,DailyRahnuma,0,FALSE,FALSE,NA,NA
68,RT @Iamtssudhir: Why have the #RTC employees in #Telangana been on strike for 46 days? Why hasn't the #KCR govt made an effort to engage wi…,FALSE,0,NA,FALSE,NA,1.19706E+18,NA,Venukumar8981,15,TRUE,FALSE,NA,NA
69,"Telangana RTC employees defer decision to call off strike till HC judgement  nbsp;
nbsp;
The ongoing strike by empl… https://t.co/D7u07Ia4gu",FALSE,0,NA,TRUE,NA,1.19706E+18,NA,TodayBharatNews,0,FALSE,FALSE,NA,NA
70,"#TSRTC employees defer decision to call off strike

#tsrtcstrike #rtcstrike #RTC #telangana #KCR 
Read Here==&gt;… https://t.co/oium07q5F3",FALSE,0,NA,TRUE,NA,1.19704E+18,NA,klapboardpost,0,FALSE,FALSE,NA,NA
71,"Telangana RTC employees defer decision to call off strike
#TELANGANA #RTCEMPLOYEES #STRIKE #AshwathamaReddy… https://t.co/WnZ2grwp0J",FALSE,0,NA,TRUE,NA,1.19704E+18,NA,india_aware,0,FALSE,FALSE,NA,NA
72,"RT @thenewsminute: Telangana RTC employees defer decision to call off strike till HC judgement
https://t.co/Qn1H6xdj9V",FALSE,0,NA,FALSE,NA,1.19704E+18,NA,NitinBGoode,2,TRUE,FALSE,NA,NA
73,RT @XpressHyderabad: The fear amongst employees is that they may either be asked to not join or join by signing documents that discourage t…,FALSE,0,NA,FALSE,NA,1.19703E+18,NA,jvidyasagar,4,TRUE,FALSE,NA,NA
74,#NAME?,FALSE,1,thisiskedu,FALSE,1.19703E+18,1.19703E+18,101001952,sanjay77j,0,FALSE,FALSE,NA,NA
75,RT @XpressHyderabad: The fear amongst employees is that they may either be asked to not join or join by signing documents that discourage t…,FALSE,0,NA,FALSE,NA,1.19702E+18,NA,NewIndianXpress,4,TRUE,FALSE,NA,NA
76,The fear amongst employees is that they may either be asked to not join or join by signing documents that discourag… https://t.co/McqAiptDDr,FALSE,3,NA,TRUE,NA,1.19702E+18,NA,XpressHyderabad,4,FALSE,FALSE,NA,NA
77,“Telangana HC decision on RTC strike vindicates State’s stand” https://t.co/MfAoq83sfu,FALSE,0,NA,FALSE,NA,1.19701E+18,NA,TelanganaToday,0,FALSE,FALSE,NA,NA
78,"Telangana RTC employees defer decision to call off strike till HC judgement
https://t.co/Qn1H6xdj9V",FALSE,2,NA,FALSE,NA,1.197E+18,NA,thenewsminute,2,FALSE,FALSE,NA,NA
79,"#Telangana #RTC employees defer decision to call off strike

https://t.co/kADMKWaCAj

#TSRTC",FALSE,0,NA,FALSE,NA,1.19698E+18,NA,teluguinnews,0,FALSE,FALSE,NA,NA
80,Telangana RTC employees defer decision to call off strike https://t.co/Dfo2y54nWn #indilivenews #Indianews #India #News #Live #World,FALSE,0,NA,FALSE,NA,1.19698E+18,NA,Indilivenews,0,FALSE,FALSE,NA,NA
81,"High Court is clear on TSRTC strike. ""Good deal to commuters if pvt buses, RTC run on one route"" #TSRTCStrike… https://t.co/tThzWbHZ0X",FALSE,0,NA,TRUE,NA,1.19698E+18,NA,VoiceofHyderab2,0,FALSE,FALSE,NA,NA
82,"Telangana RTC employees defer decision to call off strike
#Telangana #TSRTCStrike 
https://t.co/r5eWuiCFfn",FALSE,2,NA,FALSE,NA,1.19697E+18,NA,indiatvnews,0,FALSE,FALSE,NA,NA
83,RT @TheHansIndiaWeb: Hyderabad: RTC workers divided on strike call off #RTCJAC #AshwathamaReddy #StrikeCallOff #Hyderabad https://t.co/EKAH…,FALSE,0,NA,FALSE,NA,1.19696E+18,NA,TelangaanaBidda,1,TRUE,FALSE,NA,NA
84,@bp_indian @ShaikMohsin988 @PMOIndia @narendramodi @PawanKalyan Political leaders at their best !!https://t.co/EF4Mf4zWly,FALSE,1,bp_indian,FALSE,1.19673E+18,1.19696E+18,1.07243E+18,DrRSRHM,0,FALSE,FALSE,NA,NA
85,the telangana govt need to take steps on rtc because how the public is suffering a lot just i saw in the lakadikapo… https://t.co/UBgsIupTjQ,FALSE,0,NA,TRUE,NA,1.19696E+18,NA,RachapallyReddy,0,FALSE,FALSE,NA,NA
86,Political leaders vying to retain power at the cost of general public @the_hindu @TimesNow @ndtvindia @IndianExpress https://t.co/EF4Mf4zWly,FALSE,0,NA,FALSE,NA,1.19696E+18,NA,DrRSRHM,0,FALSE,FALSE,NA,NA
87,#NAME?,FALSE,0,lawinforce,FALSE,1.19676E+18,1.19692E+18,1.01459E+18,DravidianRaj,0,FALSE,FALSE,NA,NA
88,Telangana RTC employees defer decision to call off strike https://t.co/6m1I2dR4vr https://t.co/zSy34S2mk0,FALSE,0,NA,FALSE,NA,1.19691E+18,NA,themunsifdaily,0,FALSE,FALSE,NA,NA
89,"Telangana RTC employees defer decision to call off strike

#Telangana #RTCEmployee #Strike #telanganabandh 
https://t.co/Gb76a6HWjj",FALSE,0,NA,FALSE,NA,1.19691E+18,NA,WeForNews,0,FALSE,FALSE,NA,NA
90,RT @TelanganaToday: Telangana HC decision on RTC strike vindicates State’s stand https://t.co/hrdFZWbpeV,FALSE,0,NA,FALSE,NA,1.1969E+18,NA,TelangaanaBidda,1,TRUE,FALSE,NA,NA
91,Telangana HC decision on RTC strike vindicates State’s stand https://t.co/hqJpVCweVZ https://t.co/DduEYTCgrY,FALSE,0,NA,FALSE,NA,1.19688E+18,NA,fasak24x7,1,FALSE,FALSE,NA,NA
92,Hyderabad: RTC workers divided on strike call off #RTCJAC #AshwathamaReddy #StrikeCallOff #Hyderabad https://t.co/EKAHXuPisC,FALSE,0,NA,FALSE,NA,1.19687E+18,NA,TheHansIndiaWeb,1,FALSE,FALSE,NA,NA
93,Telangana HC decision on RTC strike vindicates State’s stand https://t.co/hrdFZWbpeV,FALSE,2,NA,FALSE,NA,1.19687E+18,NA,TelanganaToday,1,FALSE,FALSE,NA,NA
94,RT @Iamtssudhir: Why have the #RTC employees in #Telangana been on strike for 46 days? Why hasn't the #KCR govt made an effort to engage wi…,FALSE,0,NA,FALSE,NA,1.19684E+18,NA,krajur,15,TRUE,FALSE,NA,NA
95,RT @MOSDEM121: <U+0C15><U+0C47><U+0C38><U+0C40><U+0C06><U+0C30><U+0C4D> <U+0C35><U+0C32><U+0C4D><U+0C32><U+0C47> <U+0C06><U+0C30><U+0C4D><U+0C1F><U+0C40><U+0C38><U+0C40> <U+0C38><U+0C2E><U+0C4D><U+0C2E><U+0C46>....TRS Leaders Commented On KCR Behaviour | RTC Strike | Telangana | T10 https://t.co/MRbBRNLiPd,FALSE,0,NA,FALSE,NA,1.19684E+18,NA,TelangaanaBidda,1,TRUE,FALSE,NA,NA
96,"According to highcourt of telangana proceedings, the TSRTC strike is not ""illegal "".Even the courts anounced making… https://t.co/v8rhLiFoXr",FALSE,0,NA,TRUE,NA,1.19683E+18,NA,prajabheri,0,FALSE,FALSE,NA,NA
97,Telangana RTC Strike Updates : RTC JAC Meeting to Begin Shortly | Telangana Latest News | ABN Telugu… https://t.co/OFYlOMIYs7,FALSE,0,NA,TRUE,NA,1.19682E+18,NA,atoznewsdotin1,0,FALSE,FALSE,NA,NA
98,@Venu9191 @SriKusampudi first cheyalsina pani party ni oka track lo pettadam..anthe kani complete majority unna val… https://t.co/gQHgAVqvqY,FALSE,0,Venu9191,TRUE,1.1967E+18,1.1968E+18,1276375459,Rafa_star07,0,FALSE,FALSE,NA,NA
99,RT @Iamtssudhir: Why have the #RTC employees in #Telangana been on strike for 46 days? Why hasn't the #KCR govt made an effort to engage wi…,FALSE,0,NA,FALSE,NA,1.1968E+18,NA,bsashank,15,TRUE,FALSE,NA,NA
100,RT @Iamtssudhir: Why have the #RTC employees in #Telangana been on strike for 46 days? Why hasn't the #KCR govt made an effort to engage wi…,FALSE,0,NA,FALSE,NA,1.1968E+18,NA,thekandhi,15,TRUE,FALSE,NA,NA
101,RT @Iamtssudhir: Why have the #RTC employees in #Telangana been on strike for 46 days? Why hasn't the #KCR govt made an effort to engage wi…,FALSE,0,NA,FALSE,NA,1.19679E+18,NA,RamchandaniGP,15,TRUE,FALSE,NA,NA
102,RT @Iamtssudhir: Why have the #RTC employees in #Telangana been on strike for 46 days? Why hasn't the #KCR govt made an effort to engage wi…,FALSE,0,NA,FALSE,NA,1.19679E+18,NA,ProfMKodandaram,15,TRUE,FALSE,NA,NA
103,"RT @AllThingsTelang: #Hyderabad :#RTC JAC leaders Ashwathama Reddy  &amp; Raji Reddy, who are on hunger strike, arrested from their homes.

#Te…",FALSE,0,NA,FALSE,NA,1.19679E+18,NA,fouzia_amreen,5,TRUE,FALSE,NA,NA
104,RT @Iamtssudhir: Why have the #RTC employees in #Telangana been on strike for 46 days? Why hasn't the #KCR govt made an effort to engage wi…,FALSE,0,NA,FALSE,NA,1.19679E+18,NA,iCan2019,15,TRUE,FALSE,NA,NA
105,RT @Iamtssudhir: Why have the #RTC employees in #Telangana been on strike for 46 days? Why hasn't the #KCR govt made an effort to engage wi…,FALSE,0,NA,FALSE,NA,1.19679E+18,NA,AVINASHMALVIYA,15,TRUE,FALSE,NA,NA
106,"RT @TOIHyderabad: RTC strike: Telangana HC sets aside labour officer's illegal statement, refers tussle to labour court https://t.co/dLZSMy…",FALSE,0,NA,FALSE,NA,1.19679E+18,NA,simhadribolarum,3,TRUE,FALSE,NA,NA
107,RT @Iamtssudhir: Why have the #RTC employees in #Telangana been on strike for 46 days? Why hasn't the #KCR govt made an effort to engage wi…,FALSE,0,NA,FALSE,NA,1.19679E+18,NA,TJSPartyOnline,15,TRUE,FALSE,NA,NA
108,RT @Iamtssudhir: Why have the #RTC employees in #Telangana been on strike for 46 days? Why hasn't the #KCR govt made an effort to engage wi…,FALSE,0,NA,FALSE,NA,1.19678E+18,NA,umasudhir,15,TRUE,FALSE,NA,NA
109,<U+0C15><U+0C47><U+0C38><U+0C40><U+0C06><U+0C30><U+0C4D> <U+0C35><U+0C32><U+0C4D><U+0C32><U+0C47> <U+0C06><U+0C30><U+0C4D><U+0C1F><U+0C40><U+0C38><U+0C40> <U+0C38><U+0C2E><U+0C4D><U+0C2E><U+0C46>....TRS Leaders Commented On KCR Behaviour | RTC Strike | Telangana | T10 https://t.co/MRbBRNLiPd,FALSE,0,NA,FALSE,NA,1.19678E+18,NA,MOSDEM121,1,FALSE,FALSE,NA,NA
110,RT @Iamtssudhir: Why have the #RTC employees in #Telangana been on strike for 46 days? Why hasn't the #KCR govt made an effort to engage wi…,FALSE,0,NA,FALSE,NA,1.19678E+18,NA,FilterKaapiLive,15,TRUE,FALSE,NA,NA
111,RT @Iamtssudhir: Why have the #RTC employees in #Telangana been on strike for 46 days? Why hasn't the #KCR govt made an effort to engage wi…,FALSE,0,NA,FALSE,NA,1.19678E+18,NA,gokulrahul,15,TRUE,FALSE,NA,NA
112,RT @Iamtssudhir: Why have the #RTC employees in #Telangana been on strike for 46 days? Why hasn't the #KCR govt made an effort to engage wi…,FALSE,0,NA,FALSE,NA,1.19678E+18,NA,hanmireddy,15,TRUE,FALSE,NA,NA
113,Why have the #RTC employees in #Telangana been on strike for 46 days? Why hasn't the #KCR govt made an effort to en… https://t.co/ZaDPrdFX6O,FALSE,11,NA,TRUE,NA,1.19678E+18,NA,Iamtssudhir,15,FALSE,FALSE,NA,NA
114,"@vivekagnihotri, now why BJP is on strike like JNU............see in this country every one have a right to ask on… https://t.co/XFUUpIt0gM",FALSE,0,vivekagnihotri,TRUE,NA,1.19677E+18,16404141,mabafarooqi,0,FALSE,FALSE,NA,NA
115,"RT @klapboardpost: #Telangana Labour Commissioner asked to take decision in 2 weeks

#tsrtcstrike #TSRTC #RTC #Hyderabad 
Read Here==&gt;https…",FALSE,0,NA,FALSE,NA,1.19676E+18,NA,krajur,2,TRUE,FALSE,NA,NA
116,"At Last, RTC Unions Getting Ready To End The Strike And Join Work In Telangana https://t.co/CSpJd8oFD2",FALSE,0,NA,FALSE,NA,1.19675E+18,NA,DrShellyAhmed,0,FALSE,FALSE,NA,NA
118,"TMU emergency meet over RTC Strike at LB Nagar - TV9
#AshwathamaReddy #TV9Telugu #TSRTCStrike #CMKCR #Telangana… https://t.co/jSULKJtBc0",FALSE,0,NA,TRUE,NA,1.19672E+18,NA,TV9Telugu,0,FALSE,FALSE,NA,NA
119,"TMU emergency meet over RTC Strike at LB Nagar - TV9

#AshwathamaReddy #TV9Telugu #TSRTCStrike #CMKCR #Telangana… https://t.co/VPxNvBDorl",FALSE,0,NA,TRUE,NA,1.19671E+18,NA,TV9Telugu,0,FALSE,FALSE,NA,NA
120,Telangana Labour Commissioner asked to decide on RTC strike https://t.co/VdesyErZpd,FALSE,1,NA,FALSE,NA,1.1967E+18,NA,samajweekly,0,FALSE,FALSE,NA,NA
121,Telangana High Court Judgement on TSRTC Strike | CM KCR | Telangana RTC Strike 2019 | Spot News https://t.co/10SKRmLGqP,FALSE,0,NA,FALSE,NA,1.19668E+18,NA,MOSDEM121,0,FALSE,FALSE,NA,NA
122,"RT @klapboardpost: #Telangana Labour Commissioner asked to take decision in 2 weeks

#tsrtcstrike #TSRTC #RTC #Hyderabad 
Read Here==&gt;https…",FALSE,0,NA,FALSE,NA,1.19666E+18,NA,ShaikMohsin988,2,TRUE,FALSE,NA,NA
123,"#Telangana Labour Commissioner asked to take decision in 2 weeks

#tsrtcstrike #TSRTC #RTC #Hyderabad 
Read Here==&gt;… https://t.co/ViWSt55NEA",FALSE,0,NA,TRUE,NA,1.19666E+18,NA,klapboardpost,2,FALSE,FALSE,NA,NA
124,"RT @XpressHyderabad: #TSRTCStrike
Stating that the Court cannot monitor this complicated dispute. They noted that the communication dated O…",FALSE,0,NA,FALSE,NA,1.19666E+18,NA,NewIndianXpress,2,TRUE,FALSE,NA,NA
125,"RT @XpressHyderabad: #TSRTCStrike
Stating that the Court cannot monitor this complicated dispute. They noted that the communication dated O…",FALSE,0,NA,FALSE,NA,1.19665E+18,NA,hanmireddy,2,TRUE,FALSE,NA,NA
126,"Telangana RTC doing Strike from 1 month because of Telangana Government administration.
TS RTC employees doing suci… https://t.co/T5QuIHYA98",FALSE,0,NA,TRUE,NA,1.19665E+18,NA,Karthik_kolamad,0,FALSE,FALSE,NA,NA
127,"#TSRTCStrike
Stating that the Court cannot monitor this complicated dispute. They noted that the communication date… https://t.co/oc7AKpzPdQ",FALSE,0,NA,TRUE,NA,1.19665E+18,NA,XpressHyderabad,2,FALSE,FALSE,NA,NA
128,"High court played a helpless role on  TS RTC Strike in Telangana ..
I hope waste of believing courts in India ...",FALSE,0,NA,FALSE,NA,1.19664E+18,NA,Karthik_kolamad,0,FALSE,FALSE,NA,NA
129,"RT @palefire999: First, the employees self-dismissed themselves. Now, RTC can't take back employees all of them because of the loss from th…",FALSE,0,NA,FALSE,NA,1.19663E+18,NA,avinash_jampala,10,TRUE,FALSE,NA,NA
130,"RT @AllThingsTelang: #Hyderabad :#RTC JAC leaders Ashwathama Reddy  &amp; Raji Reddy, who are on hunger strike, arrested from their homes.

#Te…",FALSE,0,NA,FALSE,NA,1.19662E+18,NA,NayeemMohd18,5,TRUE,FALSE,NA,NA
131,"@KTRTRS My sincere request to stop TSRTC strike. What ever the reasons could be , our own telangana TSRTC Employees… https://t.co/sF6ba87lGM",FALSE,1,KTRTRS,TRUE,NA,1.19662E+18,118787224,vijayaraju9669,0,FALSE,FALSE,NA,NA
132,RT @themunsifdaily: Telangana Labour Commissioner asked to decide on RTC strike https://t.co/gImmGoqzou https://t.co/c76ceMsc9c,FALSE,0,NA,FALSE,NA,1.19662E+18,NA,ShaikMohsin988,1,TRUE,FALSE,NA,NA
133,"@gandhi_pv Union leaders have to apologize to #rtc employees and people of #telangana. Also, if #kcr does not take… https://t.co/sIlWtBAcP7",FALSE,1,gandhi_pv,TRUE,1.1966E+18,1.19662E+18,110018867,TeluguPakshi,0,FALSE,FALSE,NA,NA
134,#NAME?,FALSE,0,VPSecretariat,FALSE,1.19661E+18,1.19662E+18,8.87606E+17,KambampatiP,0,FALSE,FALSE,NA,NA
135,"RTC workers ready to end stirke, Telangana high court refers case to labour court
The 45-day-old road transport cor… https://t.co/RJcnN0eJwK",FALSE,0,NA,TRUE,NA,1.19661E+18,NA,Mohanku25683347,0,FALSE,FALSE,NA,NA
136,"Hyderabad: After hearing for more than 35 days, the Telangana High Court on Monday said it can neither direct the g… https://t.co/MVqluaoc2S",FALSE,0,NA,TRUE,NA,1.1966E+18,NA,ComradeKeralam,0,FALSE,FALSE,NA,NA
137,Telangana Labour Commissioner asked to decide on RTC strike https://t.co/gImmGoqzou https://t.co/c76ceMsc9c,FALSE,0,NA,FALSE,NA,1.19658E+18,NA,themunsifdaily,1,FALSE,FALSE,NA,NA
138,"RT @palefire999: First, the employees self-dismissed themselves. Now, RTC can't take back employees all of them because of the loss from th…",FALSE,0,NA,FALSE,NA,1.19657E+18,NA,kirankonnects,10,TRUE,FALSE,NA,NA
139,"RT @TOIHyderabad: RTC strike: Telangana HC sets aside labour officer's illegal statement, refers tussle to labour court https://t.co/dLZSMy…",FALSE,0,NA,FALSE,NA,1.19652E+18,NA,hanmireddy,3,TRUE,FALSE,NA,NA
140,"RTC strike: HC refers tussle to labour court (via: https://t.co/WTRHXCEaXV)

https://t.co/QooToFsOCG",FALSE,0,NA,FALSE,NA,1.19651E+18,NA,newsFromHyd,0,FALSE,FALSE,NA,NA
141,"RTC strike: Telangana HC sets aside labour officer's illegal statement, refers tussle to labour court https://t.co/esUNW5XyM5",FALSE,0,NA,FALSE,NA,1.19649E+18,NA,SagarkumarToi,0,FALSE,FALSE,NA,NA
142,Telangana Labour Commissioner asked to decide on RTC strike https://t.co/aBRanCmWHo https://t.co/3Pw2NgD6Tv,FALSE,0,NA,FALSE,NA,1.19649E+18,NA,HyderabadTalks,0,FALSE,FALSE,NA,NA
143,"RT @TOIHyderabad: RTC strike: Telangana HC sets aside labour officer's illegal statement, refers tussle to labour court https://t.co/dLZSMy…",FALSE,0,NA,FALSE,NA,1.19649E+18,NA,Firdous19492759,3,TRUE,FALSE,NA,NA
144,"RT @palefire999: First, the employees self-dismissed themselves. Now, RTC can't take back employees all of them because of the loss from th…",FALSE,0,NA,FALSE,NA,1.19648E+18,NA,vinay_a9,10,TRUE,FALSE,NA,NA
145,"Telangana High Court refers RTC employees strike case to Labour Department

https://t.co/kh9EjYmS10",FALSE,1,NA,FALSE,NA,1.19648E+18,NA,MumbaiMirror,0,FALSE,FALSE,NA,NA
146,"RT @AdithyaMarri: Roads are in a mess, potholes have killed people, RTC Bus strike has affected thousands, Highest Dengue Deaths in India,…",FALSE,0,NA,FALSE,NA,1.19648E+18,NA,krishnatejap1,15,TRUE,FALSE,NA,NA
147,"RT @palefire999: First, the employees self-dismissed themselves. Now, RTC can't take back employees all of them because of the loss from th…",FALSE,0,NA,FALSE,NA,1.19648E+18,NA,HariKovuru,10,TRUE,FALSE,NA,NA
148,"RT @palefire999: First, the employees self-dismissed themselves. Now, RTC can't take back employees all of them because of the loss from th…",FALSE,0,NA,FALSE,NA,1.19648E+18,NA,sriharshatumati,10,TRUE,FALSE,NA,NA
149,Mahbubnagar: RTC employees intensify protest with a hunger strike #Mahbubnagar #RTCemployees #Launchedhungerstrikes… https://t.co/7tvs5AQD7U,FALSE,0,NA,TRUE,NA,1.19648E+18,NA,TheHansIndiaWeb,0,FALSE,FALSE,NA,NA
150,"RT @palefire999: First, the employees self-dismissed themselves. Now, RTC can't take back employees all of them because of the loss from th…",FALSE,0,NA,FALSE,NA,1.19648E+18,NA,thota_J,10,TRUE,FALSE,NA,NA
151,"RT @AllThingsTelang: #Hyderabad :#RTC JAC leaders Ashwathama Reddy  &amp; Raji Reddy, who are on hunger strike, arrested from their homes.

#Te…",FALSE,0,NA,FALSE,NA,1.19648E+18,NA,fammainvestor,5,TRUE,FALSE,NA,NA
152,"RTC strike: Telangana HC sets aside labour officer's illegal statement, refers tussle to labour court https://t.co/PIiXto27TX",FALSE,0,NA,FALSE,NA,1.19648E+18,NA,TOICitiesNews,0,FALSE,FALSE,NA,NA
153,"RTC strike: Telangana HC sets aside labour officer's illegal statement, refers tussle to labour court https://t.co/dLZSMyBvGL",FALSE,6,NA,FALSE,NA,1.19648E+18,NA,TOIHyderabad,3,FALSE,FALSE,NA,NA
154,"RT @AdithyaMarri: Roads are in a mess, potholes have killed people, RTC Bus strike has affected thousands, Highest Dengue Deaths in India,…",FALSE,0,NA,FALSE,NA,1.19648E+18,NA,VamshiSCCL,15,TRUE,FALSE,NA,NA
155,"RT @palefire999: First, the employees self-dismissed themselves. Now, RTC can't take back employees all of them because of the loss from th…",FALSE,0,NA,FALSE,NA,1.19648E+18,NA,Bhavincbn,10,TRUE,FALSE,NA,NA
156,"First, the employees self-dismissed themselves. Now, RTC can't take back employees all of them because of the loss… https://t.co/bQMtZPZcUw",FALSE,14,NA,TRUE,NA,1.19648E+18,NA,palefire999,10,FALSE,FALSE,NA,NA
157,"RT @htTweets: Telangana high court refers RTC strike deadlock to labour court

(reports @asrao2009)

https://t.co/8601hvuKEk https://t.co/G…",FALSE,0,NA,FALSE,NA,1.19648E+18,NA,amitkrawasthi1,2,TRUE,FALSE,NA,NA
158,"RT @htTweets: Telangana high court refers RTC strike deadlock to labour court

(reports @asrao2009)

https://t.co/8601hvuKEk https://t.co/G…",FALSE,0,NA,FALSE,NA,1.19648E+18,NA,igsaiyed,2,TRUE,FALSE,NA,NA
159,"Telangana high court refers RTC strike deadlock to labour court

(reports @asrao2009)

https://t.co/8601hvuKEk https://t.co/GOK01PJIjY",FALSE,12,NA,FALSE,NA,1.19647E+18,NA,htTweets,2,FALSE,FALSE,NA,NA
160,"@The_Juvenile @_Y_L_R_ @ChhBong @TylerDurden_ @PardhaSarathyM He said he will talk to KCR, he tried and KCR didn't… https://t.co/MebQulvqUk",FALSE,0,The_Juvenile,TRUE,1.19637E+18,1.19647E+18,399430561,chilll_bruh,0,FALSE,FALSE,NA,NA
161,"RT @AdithyaMarri: Roads are in a mess, potholes have killed people, RTC Bus strike has affected thousands, Highest Dengue Deaths in India,…",FALSE,0,NA,FALSE,NA,1.19647E+18,NA,RSShivaKumar10,15,TRUE,FALSE,NA,NA
162,Telangana high court refers RTC strike deadlock to labour court - india news - https://t.co/AihhY6xOWL,FALSE,0,NA,FALSE,NA,1.19647E+18,NA,southasiansnews,0,FALSE,FALSE,NA,NA
163,"Telangana high court refers RTC strike deadlock to labour court
https://t.co/5EawGsFTB5",FALSE,0,NA,FALSE,NA,1.19647E+18,NA,HindustanTimes,0,FALSE,FALSE,NA,NA
164,"RTC strike: High court passes final orders

https://t.co/wtz43evKll

#RTC #Telangana",FALSE,0,NA,FALSE,NA,1.19646E+18,NA,teluguinnews,0,FALSE,FALSE,NA,NA
165,"RT @AdithyaMarri: Roads are in a mess, potholes have killed people, RTC Bus strike has affected thousands, Highest Dengue Deaths in India,…",FALSE,0,NA,FALSE,NA,1.19645E+18,NA,ShaikMohsin988,15,TRUE,FALSE,NA,NA
166,"RT @AdithyaMarri: Roads are in a mess, potholes have killed people, RTC Bus strike has affected thousands, Highest Dengue Deaths in India,…",FALSE,0,NA,FALSE,NA,1.19644E+18,NA,tweetonpoint,15,TRUE,FALSE,NA,NA
167,RT @XpressHyderabad: RTC leaders on hunger strike were taken into custody from their homes as the #TSRTCStrike reached the 44th day of dead…,FALSE,0,NA,FALSE,NA,1.19644E+18,NA,durvasa86,7,TRUE,FALSE,NA,NA
168,"RT @AdithyaMarri: Roads are in a mess, potholes have killed people, RTC Bus strike has affected thousands, Highest Dengue Deaths in India,…",FALSE,0,NA,FALSE,NA,1.19644E+18,NA,RoyalTelangana,15,TRUE,FALSE,NA,NA
169,RT @XpressHyderabad: RTC leaders on hunger strike were taken into custody from their homes as the #TSRTCStrike reached the 44th day of dead…,FALSE,0,NA,FALSE,NA,1.19644E+18,NA,krajur,7,TRUE,FALSE,NA,NA
170,RT @XpressHyderabad: RTC leaders on hunger strike were taken into custody from their homes as the #TSRTCStrike reached the 44th day of dead…,FALSE,0,NA,FALSE,NA,1.19643E+18,NA,sitahyderabadi,7,TRUE,FALSE,NA,NA
171,"@republic 
RTC strike in Telangana and JNU students strike in Delhi. These union leaders where they are going. Govt… https://t.co/WLGMu5RYbU",FALSE,0,republic,TRUE,NA,1.19643E+18,8.11972E+17,SwamyKovvali,0,FALSE,FALSE,NA,NA
172,RT @TelanganaToday: https://t.co/W3n7P7oYiy The Telangana High Court has on Monday said it could not issue any directions to the State Gove…,FALSE,0,NA,FALSE,NA,1.19641E+18,NA,msaigopal,3,TRUE,FALSE,NA,NA
173,RT @TelanganaToday: https://t.co/W3n7P7oYiy The Telangana High Court has on Monday said it could not issue any directions to the State Gove…,FALSE,0,NA,FALSE,NA,1.1964E+18,NA,hanmireddy,3,TRUE,FALSE,NA,NA
174,RT @TelanganaToday: https://t.co/W3n7P7oYiy The Telangana High Court has on Monday said it could not issue any directions to the State Gove…,FALSE,0,NA,FALSE,NA,1.1964E+18,NA,SA214H,3,TRUE,FALSE,NA,NA
175,https://t.co/W3n7P7oYiy The Telangana High Court has on Monday said it could not issue any directions to the State… https://t.co/TgI6Czu0ni,FALSE,6,NA,TRUE,NA,1.1964E+18,NA,TelanganaToday,3,FALSE,FALSE,NA,NA
176,RT @XpressHyderabad: RTC leaders on hunger strike were taken into custody from their homes as the #TSRTCStrike reached the 44th day of dead…,FALSE,0,NA,FALSE,NA,1.1964E+18,NA,HiHyderabad,7,TRUE,FALSE,NA,NA
177,"RT @AdithyaMarri: Roads are in a mess, potholes have killed people, RTC Bus strike has affected thousands, Highest Dengue Deaths in India,…",FALSE,0,NA,FALSE,NA,1.19639E+18,NA,Pavanstweetz,15,TRUE,FALSE,NA,NA
178,"RT @AdithyaMarri: Roads are in a mess, potholes have killed people, RTC Bus strike has affected thousands, Highest Dengue Deaths in India,…",FALSE,0,NA,FALSE,NA,1.19639E+18,NA,Mallik_Y1988,15,TRUE,FALSE,NA,NA
179,RT @XpressHyderabad: RTC leaders on hunger strike were taken into custody from their homes as the #TSRTCStrike reached the 44th day of dead…,FALSE,0,NA,FALSE,NA,1.19638E+18,NA,hanmireddy,7,TRUE,FALSE,NA,NA
180,RT @XpressHyderabad: RTC leaders on hunger strike were taken into custody from their homes as the #TSRTCStrike reached the 44th day of dead…,FALSE,0,NA,FALSE,NA,1.19635E+18,NA,almostinfamous,7,TRUE,FALSE,NA,NA
181,RT @XpressHyderabad: RTC leaders on hunger strike were taken into custody from their homes as the #TSRTCStrike reached the 44th day of dead…,FALSE,0,NA,FALSE,NA,1.19635E+18,NA,Nilesh_TNIE,7,TRUE,FALSE,NA,NA
182,"Hyderabad, Nov 18 (IANS) The indefinite strike by employees of Telangana State Road Transport Corporation (TSRTC) e… https://t.co/PkPWyjKIF0",FALSE,0,NA,TRUE,NA,1.19634E+18,NA,ranaalikash,0,FALSE,FALSE,NA,NA
183,RT @gowri_gowd: TSRTC employees suffered a lot because of deadly attitude of KCR. KCR never listened to them and will go ahead with privati…,FALSE,0,NA,FALSE,NA,1.19634E+18,NA,nh005,20,TRUE,FALSE,NA,NA
184,RTC leaders on hunger strike were taken into custody from their homes as the #TSRTCStrike reached the 44th day of d… https://t.co/LzwnllJ7wo,FALSE,9,NA,TRUE,NA,1.19633E+18,NA,XpressHyderabad,7,FALSE,FALSE,NA,NA
185,@narendramodi All the best to all : We wish Telangana RTC strike and Sand issues in Andhra Pradesh may be helped fo… https://t.co/DxMO3VCswW,FALSE,0,narendramodi,TRUE,1.1963E+18,1.19633E+18,18839785,pcdhyd,0,FALSE,FALSE,NA,NA
186,The RTC strike in #Telangana reached its 45th day.  RTC trade union convener Ashwadhama Reddy and co-convener Raji… https://t.co/kCFtebCF3K,FALSE,1,NA,TRUE,NA,1.19632E+18,NA,lateefbabla,0,FALSE,FALSE,NA,NA
187,RT @mehulkumar014: What a govt <U+0001F44C>  no soln to RTC issues nor the problem faced by the people of Telangana to commute daily to their workplac…,FALSE,0,NA,FALSE,NA,1.19632E+18,NA,krajur,1,TRUE,FALSE,NA,NA
188,"RT @AllThingsTelang: #Hyderabad :#RTC JAC leaders Ashwathama Reddy  &amp; Raji Reddy, who are on hunger strike, arrested from their homes.

#Te…",FALSE,0,NA,FALSE,NA,1.19631E+18,NA,krajur,5,TRUE,FALSE,NA,NA
189,"RT @AllThingsTelang: #Hyderabad :#RTC JAC leaders Ashwathama Reddy  &amp; Raji Reddy, who are on hunger strike, arrested from their homes.

#Te…",FALSE,0,NA,FALSE,NA,1.19631E+18,NA,9494186220,5,TRUE,FALSE,NA,NA
190,"#Hyderabad :#RTC JAC leaders Ashwathama Reddy  &amp; Raji Reddy, who are on hunger strike, arrested from their homes.… https://t.co/m29arK9SPF",FALSE,5,NA,TRUE,NA,1.19631E+18,NA,AllThingsTelang,5,FALSE,FALSE,NA,NA
191,"RT @AdithyaMarri: Roads are in a mess, potholes have killed people, RTC Bus strike has affected thousands, Highest Dengue Deaths in India,…",FALSE,0,NA,FALSE,NA,1.1963E+18,NA,ShashanthIYC,15,TRUE,FALSE,NA,NA
192,"RT @SakshiPost: Similarly, another #TSRTC #JAC leader #RajiReddy was taken into custody from his house. Striking workers raised slogans aga…",FALSE,0,NA,FALSE,NA,1.1963E+18,NA,krajur,2,TRUE,FALSE,NA,NA
193,"RT @AdithyaMarri: Roads are in a mess, potholes have killed people, RTC Bus strike has affected thousands, Highest Dengue Deaths in India,…",FALSE,0,NA,FALSE,NA,1.1963E+18,NA,hanmireddy,15,TRUE,FALSE,NA,NA
194,"RT @SakshiPost: Similarly, another #TSRTC #JAC leader #RajiReddy was taken into custody from his house. Striking workers raised slogans aga…",FALSE,0,NA,FALSE,NA,1.19629E+18,NA,hanmireddy,2,TRUE,FALSE,NA,NA
195,"Similarly, another #TSRTC #JAC leader #RajiReddy was taken into custody from his house. Striking workers raised slo… https://t.co/JlZUgotcMZ",FALSE,0,NA,TRUE,NA,1.19629E+18,NA,SakshiPost,2,FALSE,FALSE,NA,NA
196,"Roads are in a mess, potholes have killed people, RTC Bus strike has affected thousands, Highest Dengue Deaths in I… https://t.co/dsF6e3iiFi",FALSE,34,NA,TRUE,NA,1.19628E+18,NA,AdithyaMarri,15,FALSE,FALSE,NA,NA
197,@varuntrs58 @KTRTRS @RaoKavitha Sir....why can't you post horror scenes of RTC employees under the governance of Te… https://t.co/SdSCgbBtc1,FALSE,1,varuntrs58,TRUE,1.19609E+18,1.19628E+18,210056162,chandu_gcd,0,FALSE,FALSE,NA,NA
198,What a govt <U+0001F44C>  no soln to RTC issues nor the problem faced by the people of Telangana to commute daily to their wor… https://t.co/pff7IOmAVT,FALSE,1,NA,TRUE,NA,1.19627E+18,NA,mehulkumar014,1,FALSE,FALSE,NA,NA
199,"@BJP4India ,@PMOIndia ,@narendramodi ,@Swamy39 

Please save and Support RTC employees lives from Telangana Razakar… https://t.co/ufqfR3SJKU",FALSE,0,BJP4India,TRUE,NA,1.19626E+18,207809313,skoosam,0,FALSE,FALSE,NA,NA
200,"Telangana RTC JAC Leaders | Indefinite Hunger Strike | Ruined 
By Police
https://t.co/wbKlrq1VaC",FALSE,0,NA,FALSE,NA,1.19626E+18,NA,etvtelanganaa,0,FALSE,FALSE,NA,NA
201,RT @gowri_gowd: TSRTC employees suffered a lot because of deadly attitude of KCR. KCR never listened to them and will go ahead with privati…,FALSE,0,NA,FALSE,NA,1.19625E+18,NA,DRamaSudhakar,20,TRUE,FALSE,NA,NA
202,RT @gowri_gowd: TSRTC employees suffered a lot because of deadly attitude of KCR. KCR never listened to them and will go ahead with privati…,FALSE,0,NA,FALSE,NA,1.19623E+18,NA,StudentneedsJ,20,TRUE,FALSE,NA,NA
203,RT @gowri_gowd: TSRTC employees suffered a lot because of deadly attitude of KCR. KCR never listened to them and will go ahead with privati…,FALSE,0,NA,FALSE,NA,1.19614E+18,NA,judedavid21,20,TRUE,FALSE,NA,NA
204,RT @gowri_gowd: TSRTC employees suffered a lot because of deadly attitude of KCR. KCR never listened to them and will go ahead with privati…,FALSE,0,NA,FALSE,NA,1.19614E+18,NA,aaryaricky7,20,TRUE,FALSE,NA,NA
205,@Vyshakmohan02 @ritikasmack privatising is a good thing. because every gov emp wants their hike. if not agree then… https://t.co/KenBJmMBXG,FALSE,0,Vyshakmohan02,TRUE,1.19606E+18,1.19612E+18,1.04358E+18,mmmiteshpatel,0,FALSE,FALSE,NA,NA
206,"@narendramodi 
I am student from Telangana state.
Sir in our state we are suffering from RTC strike please solve it.",FALSE,0,narendramodi,FALSE,NA,1.19611E+18,18839785,vasamshettysha1,0,FALSE,FALSE,NA,NA
207,RT @gowri_gowd: TSRTC employees suffered a lot because of deadly attitude of KCR. KCR never listened to them and will go ahead with privati…,FALSE,0,NA,FALSE,NA,1.19611E+18,NA,LallanPr,20,TRUE,FALSE,NA,NA
208,"@Chandu1302 Chandrasekhar ji,

To my know sources.. Congress is backing this RTC strike in Shadow..

After Telangan… https://t.co/Clah2LKrGW",FALSE,0,Chandu1302,TRUE,1.19593E+18,1.19611E+18,1665621390,Raghuseegal,0,FALSE,FALSE,NA,NA
209,RT @gowri_gowd: TSRTC employees suffered a lot because of deadly attitude of KCR. KCR never listened to them and will go ahead with privati…,FALSE,0,NA,FALSE,NA,1.19611E+18,NA,GangadharSKLNS,20,TRUE,FALSE,NA,NA
210,"Telangana state RTC strike reason Very well explained by @ArunSuryaTeja
https://t.co/SXVbu8Ytkm",FALSE,1,NA,FALSE,NA,1.19609E+18,NA,raitheraaju,0,FALSE,FALSE,NA,NA
211,RT @gowri_gowd: TSRTC employees suffered a lot because of deadly attitude of KCR. KCR never listened to them and will go ahead with privati…,FALSE,0,NA,FALSE,NA,1.19609E+18,NA,sumanta1968,20,TRUE,FALSE,NA,NA
212,"CM, TELANGANA STATE IS SO ARROGANT THAT HE DOES NOT WANT EVEN TO TALK TO ANY BODY ON THE ISSUE OF RTC STRIKE(alread… https://t.co/YKdm5GowEH",FALSE,1,NA,TRUE,NA,1.19608E+18,NA,manikanth9550,0,FALSE,FALSE,NA,NA
213,RT @gowri_gowd: TSRTC employees suffered a lot because of deadly attitude of KCR. KCR never listened to them and will go ahead with privati…,FALSE,0,NA,FALSE,NA,1.19607E+18,NA,AlAkBseth,20,TRUE,FALSE,NA,NA
214,Telangana RTC protest leaders on indefinite hunger strike arrested https://t.co/e1zqvFLns9,FALSE,6,NA,FALSE,NA,1.19607E+18,NA,thenewsminute,1,FALSE,FALSE,NA,NA
215,RT @v_adinarayana: Supreme court/PMO/all parliamentaries/TS Governor/AP Governor/Highcourt of AP/TS - TS Government failure to resolve RTC…,FALSE,0,NA,FALSE,NA,1.19606E+18,NA,TelangaanaBidda,1,TRUE,FALSE,NA,NA
216,"@narendramodi Glad to know, all the best : Hope debates will go very much in right direction. Telangana RTC strike… https://t.co/0gGuwHJcZ3",FALSE,6,narendramodi,TRUE,1.19606E+18,1.19606E+18,18839785,pcdhyd,0,FALSE,FALSE,NA,NA
217,"RT @thenewsminute: Difficult to take back employees due to losses by strike: Telangana RTC MD tells HC
https://t.co/5Ik2gMURD3",FALSE,0,NA,FALSE,NA,1.19605E+18,NA,varun18vijay,4,TRUE,FALSE,NA,NA
218,"RT @SakshiPost: Meanwhile, the police also tightened the security at# RTC crossroads, Bus Bhavan, VST, Ramnagar crossroads, Vidyanagar. #ts…",FALSE,0,NA,FALSE,NA,1.19604E+18,NA,The29thState,2,TRUE,FALSE,NA,NA
219,RT @NH_India: Scores of Telangana State Road Transport Corporation (#TSRTC) workers along with members of some political parties took out a…,FALSE,0,NA,FALSE,NA,1.19604E+18,NA,The29thState,11,TRUE,FALSE,NA,NA
220,Supreme court/PMO/all parliamentaries/TS Governor/AP Governor/Highcourt of AP/TS - TS Government failure to resolve… https://t.co/dhWJxjlJwI,FALSE,0,NA,TRUE,NA,1.19603E+18,NA,v_adinarayana,1,FALSE,FALSE,NA,NA
221,RT @gowri_gowd: TSRTC employees suffered a lot because of deadly attitude of KCR. KCR never listened to them and will go ahead with privati…,FALSE,0,NA,FALSE,NA,1.19601E+18,NA,MirHyder12,20,TRUE,FALSE,NA,NA
222,RT @gowri_gowd: TSRTC employees suffered a lot because of deadly attitude of KCR. KCR never listened to them and will go ahead with privati…,FALSE,0,NA,FALSE,NA,1.196E+18,NA,vikasjha1996,20,TRUE,FALSE,NA,NA
223,"unfortunate, TSRTC is under this stage.. bcoz of local state govt. of TRS..
 https://t.co/e72Rkj5KYE",FALSE,2,NA,FALSE,NA,1.19599E+18,NA,KEYESEN2000,0,FALSE,FALSE,NA,NA
224,RT @gowri_gowd: TSRTC employees suffered a lot because of deadly attitude of KCR. KCR never listened to them and will go ahead with privati…,FALSE,0,NA,FALSE,NA,1.19598E+18,NA,NEERAJ677744,20,TRUE,FALSE,NA,NA
225,RT @gowri_gowd: TSRTC employees suffered a lot because of deadly attitude of KCR. KCR never listened to them and will go ahead with privati…,FALSE,0,NA,FALSE,NA,1.19598E+18,NA,MathewsChacko4,20,TRUE,FALSE,NA,NA
226,RT @gowri_gowd: TSRTC employees suffered a lot because of deadly attitude of KCR. KCR never listened to them and will go ahead with privati…,FALSE,0,NA,FALSE,NA,1.19598E+18,NA,JackSparrow0210,20,TRUE,FALSE,NA,NA
227,RT @gowri_gowd: TSRTC employees suffered a lot because of deadly attitude of KCR. KCR never listened to them and will go ahead with privati…,FALSE,0,NA,FALSE,NA,1.19598E+18,NA,Gasi_Nat,20,TRUE,FALSE,NA,NA
228,RT @gowri_gowd: TSRTC employees suffered a lot because of deadly attitude of KCR. KCR never listened to them and will go ahead with privati…,FALSE,0,NA,FALSE,NA,1.19598E+18,NA,IncKinju,20,TRUE,FALSE,NA,NA
229,RT @gowri_gowd: TSRTC employees suffered a lot because of deadly attitude of KCR. KCR never listened to them and will go ahead with privati…,FALSE,0,NA,FALSE,NA,1.19598E+18,NA,siddiq_mifra,20,TRUE,FALSE,NA,NA
230,TSRTC employees suffered a lot because of deadly attitude of KCR. KCR never listened to them and will go ahead with… https://t.co/ox6FLUC7ra,FALSE,51,NA,TRUE,NA,1.19598E+18,NA,gowri_gowd,20,FALSE,FALSE,NA,NA
231,"RT @RAVYI: How come #KCR was allowed doing hunger strike during separate telangana agitation? It's quite sad to see, they are not allowing…",FALSE,0,NA,FALSE,NA,1.19595E+18,NA,krajur,1,TRUE,FALSE,NA,NA
232,"How come #KCR was allowed doing hunger strike during separate telangana agitation? It's quite sad to see, they are… https://t.co/0uEIa3vo4A",FALSE,2,NA,TRUE,NA,1.19594E+18,NA,RAVYI,1,FALSE,FALSE,NA,NA
233,"RT @thenewsminute: Difficult to take back employees due to losses by strike: Telangana RTC MD tells HC
https://t.co/5Ik2gMURD3",FALSE,0,NA,FALSE,NA,1.19594E+18,NA,rubusmubu,4,TRUE,FALSE,NA,NA
234,"RTC Strike-""Earlier we were travelling safely in RTC 'Erra Buses', thanks to your decision now it became horrible a… https://t.co/mkxOAToTPE",FALSE,3,NA,TRUE,NA,1.19594E+18,NA,narsim1961,0,FALSE,FALSE,NA,NA
235,"RT @SakshiPost: Meanwhile, the police also tightened the security at# RTC crossroads, Bus Bhavan, VST, Ramnagar crossroads, Vidyanagar. #ts…",FALSE,0,NA,FALSE,NA,1.19594E+18,NA,hanmireddy,2,TRUE,FALSE,NA,NA
236,"RT @IYCTelangana: Telangana RTC Workers have been on strike for the last 43days

Instead of considering the demand of Employees, the KCR go…",FALSE,0,NA,FALSE,NA,1.19594E+18,NA,INCRamakrishna,1,TRUE,FALSE,NA,NA
237,"Meanwhile, the police also tightened the security at# RTC crossroads, Bus Bhavan, VST, Ramnagar crossroads, Vidyana… https://t.co/aD36kzfkoI",FALSE,0,NA,TRUE,NA,1.19594E+18,NA,SakshiPost,2,FALSE,FALSE,NA,NA
238,@narendramodi Sir from telangana nearly 20 employees commited suicide solve the issue of rtc strike.nobody is not c… https://t.co/bNldKRjbJH,FALSE,0,narendramodi,TRUE,1.19573E+18,1.19593E+18,18839785,Thirupa44909453,0,FALSE,FALSE,NA,NA
239,@AmitShah @kishanreddybjp Sir u r from telangana but y r u not talking about rtc strike wonder,FALSE,0,AmitShah,FALSE,1.1957E+18,1.19592E+18,1447949844,Thirupa44909453,0,FALSE,FALSE,NA,NA
240,"Telangana RTC Workers have been on strike for the last 43days

Instead of considering the demand of Employees, the… https://t.co/OgMf0wcPAd",FALSE,2,IYCTelangana,TRUE,1.19592E+18,1.19592E+18,4802092694,IYCTelangana,1,FALSE,FALSE,NA,NA
241,RT @NH_India: Scores of Telangana State Road Transport Corporation (#TSRTC) workers along with members of some political parties took out a…,FALSE,0,NA,FALSE,NA,1.19592E+18,NA,hanmireddy,11,TRUE,FALSE,NA,NA
242,RT @NH_India: Scores of Telangana State Road Transport Corporation (#TSRTC) workers along with members of some political parties took out a…,FALSE,0,NA,FALSE,NA,1.19592E+18,NA,IYCTelangana,11,TRUE,FALSE,NA,NA
243,RT @ANI: A 53-year-old driver of the Telangana State Road Transport Corporation (TSRTC) in Nalgonda has committed suicide allegedly because…,FALSE,0,NA,FALSE,NA,1.19592E+18,NA,IYCTelangana,105,TRUE,FALSE,NA,NA
244,RT @waglenikhil: Woman bus conductor kills self in Telangana: Fallout of job loss from RTC strike? | The News Minute https://t.co/P7kjQTGw2N,FALSE,0,NA,FALSE,NA,1.19592E+18,NA,IYCTelangana,45,TRUE,FALSE,NA,NA
245,"RT @thenewsminute: Difficult to take back employees due to losses by strike: Telangana RTC MD tells HC
https://t.co/5Ik2gMURD3",FALSE,0,NA,FALSE,NA,1.19592E+18,NA,NitinBGoode,4,TRUE,FALSE,NA,NA
246,"Difficult to take back employees due to losses by strike: Telangana RTC MD tells HC
https://t.co/5Ik2gMURD3",FALSE,4,NA,FALSE,NA,1.19591E+18,NA,thenewsminute,4,FALSE,FALSE,NA,NA
247,"@TelanganaCMO Since Telangana RTC became white elephant, why can't permanently close the RTC ? This is right time t… https://t.co/fkSBf4goix",FALSE,0,TelanganaCMO,TRUE,NA,1.19585E+18,2558684335,subbaraoiv,0,FALSE,FALSE,NA,NA
248,RT @TheHansIndiaWeb: RTC strike: Madiga Employees Federation urges KCR to relent #TSRTC #MadigaEmployeesFederation #RTCStrike #Warangal htt…,FALSE,0,NA,FALSE,NA,1.19583E+18,NA,ShaikMohsin988,1,TRUE,FALSE,NA,NA
249,RTC strike: Madiga Employees Federation urges KCR to relent #TSRTC #MadigaEmployeesFederation #RTCStrike #Warangal https://t.co/bQG6106QfC,FALSE,0,NA,FALSE,NA,1.19577E+18,NA,TheHansIndiaWeb,1,FALSE,FALSE,NA,NA
250,"Agitating RTC Workers Arrested in Telangana, Convener Ashwathama Reddy Begins Indefinite Fast https://t.co/0A7u1bvJtd",FALSE,0,NA,FALSE,NA,1.19576E+18,NA,xxy07255392,0,FALSE,FALSE,NA,NA
251,@KTRTRS @trsharish @trspartyonline people are suffering  because of rtc strike and you people are sleeping. Since 2… https://t.co/PPf9cpRc4B,FALSE,0,KTRTRS,TRUE,NA,1.19571E+18,118787224,Kumar18341839,0,FALSE,FALSE,NA,NA
252,@republic It is prolonging only due to adamant attitude of the Telangana Government. The same RTC employees strike… https://t.co/37ZOkjQigO,FALSE,0,republic,TRUE,1.19569E+18,1.19571E+18,8.11972E+17,YAnnavajhala,0,FALSE,FALSE,NA,NA
253,"RT @TheSiasatDaily: Striking employees of RTC switch over to alternative occupations
 Read @TheSiasatDaily | https://t.co/MaeCYeenhE 
#stri…",FALSE,0,NA,FALSE,NA,1.19568E+18,NA,khanztuba,1,TRUE,FALSE,NA,NA
254,"RT @thenewsminute: After 41 days of strike, Telangana RTC employees drop merger demand 

https://t.co/NnAHdXZ6Eh",FALSE,0,NA,FALSE,NA,1.19568E+18,NA,varun18vijay,2,TRUE,FALSE,NA,NA
255,"As RTC Strike Rages on, Telangana Govt to Open over 3,000 Routes to Private Bus Operators https://t.co/LVuYBm7MDq https://t.co/7zotO1hJLa",FALSE,0,NA,FALSE,NA,1.19567E+18,NA,fasak24x7,0,FALSE,FALSE,NA,NA
256,"RT @hmtvlive: TSRTC JAC Leaders Hunger Strike | RTC Workers Strike LIVE Updates...
Watch LIVE Here&gt;&gt;https://t.co/iw2pMtHCO7

#hmtv #TSRTC #…",FALSE,0,NA,FALSE,NA,1.19564E+18,NA,IYCTelangana,1,TRUE,FALSE,NA,NA
257,RT @Iamtssudhir: The #Telangana govt does not blink even after unions drop the merger demand. Today #RTC unions have given call for bus rok…,FALSE,0,NA,FALSE,NA,1.19564E+18,NA,krajur,6,TRUE,FALSE,NA,NA
258,"RT @SakshiPost: Section 144 has been imposed in all TSRTC depots across Hyderabad.
https://t.co/BSipCmpib0",FALSE,0,NA,FALSE,NA,1.19563E+18,NA,ShaikMohsin988,1,TRUE,FALSE,NA,NA
259,"RT @KranthiThakurT: 43 th day TELANGANA RTC 50,000 workers 2lackh families on strike.. to Save RTC @PMOIndia",FALSE,0,NA,FALSE,NA,1.19561E+18,NA,rohity359,1,TRUE,FALSE,NA,NA
260,"43 th day TELANGANA RTC 50,000 workers 2lackh families on strike.. to Save RTC @PMOIndia",FALSE,1,NA,FALSE,NA,1.19561E+18,NA,KranthiThakurT,1,FALSE,FALSE,NA,NA
261,"Section 144 has been imposed in all TSRTC depots across Hyderabad.
https://t.co/BSipCmpib0",FALSE,0,NA,FALSE,NA,1.1956E+18,NA,SakshiPost,1,FALSE,FALSE,NA,NA
262,RT @Iamtssudhir: The #Telangana govt does not blink even after unions drop the merger demand. Today #RTC unions have given call for bus rok…,FALSE,0,NA,FALSE,NA,1.1956E+18,NA,umasudhir,6,TRUE,FALSE,NA,NA
263,Hyderabad: RTC convenor Ashwathama Reddy stages indefinite hunger strike #AshwathamaReddy #TSRTCStrike #Meerpet… https://t.co/1GRNFWMP1u,FALSE,0,NA,TRUE,NA,1.19559E+18,NA,TheHansIndiaWeb,0,FALSE,FALSE,NA,NA
264,@nitin_gadkari  strike by Telangana RTC employees entered 43rd day for strengthening organization. CM is not even p… https://t.co/R4UuOIUBnR,FALSE,3,nitin_gadkari,TRUE,NA,1.19559E+18,97217966,vilas_tpt,0,FALSE,FALSE,NA,NA
265,Common Man Frustrated On CM KCR Over TSRTC Strike | Public Talk On RTC Strike | Telangana | YOYO TV https://t.co/NLFO6vGbij,FALSE,0,NA,FALSE,NA,1.19559E+18,NA,MOSDEM121,0,FALSE,FALSE,NA,NA
266,RT @latestly: TSRTC Strike: Section 144 Imposed at All Depots Across Hyderabad for Saturday Amid ‘Bus Roko’ Call by Protesting RTC Employee…,FALSE,0,NA,FALSE,NA,1.19557E+18,NA,BarunSa77324722,1,TRUE,FALSE,NA,NA
267,TSRTC Strike: Section 144 Imposed at All Depots Across Hyderabad for Saturday Amid ‘Bus Roko’ Call by Protesting RT… https://t.co/L1O40D9co2,FALSE,1,NA,TRUE,NA,1.19557E+18,NA,latestly,1,FALSE,FALSE,NA,NA
268,"TSRTC JAC Leaders Hunger Strike | RTC Workers Strike LIVE Updates...
Watch LIVE Here&gt;&gt;https://t.co/iw2pMtHCO7… https://t.co/u1jIFJ9UR3",FALSE,3,NA,TRUE,NA,1.19555E+18,NA,hmtvlive,1,FALSE,FALSE,NA,NA
269,RT @Iamtssudhir: The #Telangana govt does not blink even after unions drop the merger demand. Today #RTC unions have given call for bus rok…,FALSE,0,NA,FALSE,NA,1.19555E+18,NA,TheSkyKisser,6,TRUE,FALSE,NA,NA
270,TRS MPs to Bring up Telangana RTC Strike During Winter Session of Parliament Starting Monday https://t.co/QQhYHXnQzi https://t.co/OJm9Fs472s,FALSE,0,NA,FALSE,NA,1.19555E+18,NA,fasak24x7,0,FALSE,FALSE,NA,NA
271,RT @Iamtssudhir: The #Telangana govt does not blink even after unions drop the merger demand. Today #RTC unions have given call for bus rok…,FALSE,0,NA,FALSE,NA,1.19554E+18,NA,thirupa81440378,6,TRUE,FALSE,NA,NA
272,RT @Iamtssudhir: The #Telangana govt does not blink even after unions drop the merger demand. Today #RTC unions have given call for bus rok…,FALSE,0,NA,FALSE,NA,1.19554E+18,NA,FilterKaapiLive,6,TRUE,FALSE,NA,NA
273,RT @Iamtssudhir: The #Telangana govt does not blink even after unions drop the merger demand. Today #RTC unions have given call for bus rok…,FALSE,0,NA,FALSE,NA,1.19554E+18,NA,hanmireddy,6,TRUE,FALSE,NA,NA
274,The #Telangana govt does not blink even after unions drop the merger demand. Today #RTC unions have given call for… https://t.co/JQf2ZKQeNw,FALSE,6,NA,TRUE,NA,1.19554E+18,NA,Iamtssudhir,6,FALSE,FALSE,NA,NA
275,RT @Iamtssudhir: The #Telangana #RTC unions drop their demand to merge with the govt and ask CM #KCR to discuss the other demands. But afte…,FALSE,0,NA,FALSE,NA,1.19545E+18,NA,ananthavsagar,7,TRUE,FALSE,NA,NA
276,"RT @news18dotcom: Apart from the RTC, Rao said the MPs have been asked to concentrate on pending projects of the Andhra Pradesh Reorganisat…",FALSE,0,NA,FALSE,NA,1.19541E+18,NA,pvramanakumar,1,TRUE,FALSE,NA,NA
277,"@ani_digital @ANI We are facing horrific condition in transport due to RTC strike.
KCR is better CM for telangana,we will follow KCR not BJP",FALSE,0,ani_digital,FALSE,1.19539E+18,1.19541E+18,8.17977E+17,202Avp,0,FALSE,FALSE,NA,NA
278,"Striking employees of RTC switch over to alternative occupations
 Read @TheSiasatDaily | https://t.co/MaeCYeenhE… https://t.co/xMvNqF0jpg",FALSE,2,NA,TRUE,NA,1.1954E+18,NA,TheSiasatDaily,1,FALSE,FALSE,NA,NA
279,"After 41 days of strike, Telangana RTC employees drop merger demand 

https://t.co/NnAHdXZ6Eh",FALSE,4,NA,FALSE,NA,1.19536E+18,NA,thenewsminute,2,FALSE,FALSE,NA,NA
280,"Apart from the RTC, Rao said the MPs have been asked to concentrate on pending projects of the Andhra Pradesh Reorg… https://t.co/RIeXbywn0W",FALSE,0,NA,TRUE,NA,1.19536E+18,NA,news18dotcom,1,FALSE,FALSE,NA,NA
281,"@KTRTRS  Sir plz find RTC strike help me sir , what happened with your RTC strike not save , tell me sir , your Van… https://t.co/StGOi60gVd",FALSE,0,KTRTRS,TRUE,NA,1.19534E+18,118787224,MaAzeem96254401,0,FALSE,FALSE,NA,NA
282,"RT @thenewsminute: After 41 days of strike, Telangana RTC employees drop merger demand
https://t.co/NnAHdYgHvP",FALSE,0,NA,FALSE,NA,1.19531E+18,NA,varun18vijay,3,TRUE,FALSE,NA,NA
283,"Chief Minister K Chandrasekhar Rao’s plan to privatise 5,100 #RTC bus routes to beat the ongoing RTC strike took a… https://t.co/f1wISazpgp",FALSE,0,NA,TRUE,NA,1.19525E+18,NA,NewsMeter_In,0,FALSE,FALSE,NA,NA
284,"RT @thenewsminute: After 41 days of strike, Telangana RTC employees drop merger demand
https://t.co/NnAHdYgHvP",FALSE,0,NA,FALSE,NA,1.19519E+18,NA,NitinBGoode,3,TRUE,FALSE,NA,NA
285,RT @Iamtssudhir: The #Telangana #RTC unions drop their demand to merge with the govt and ask CM #KCR to discuss the other demands. But afte…,FALSE,0,NA,FALSE,NA,1.19519E+18,NA,JusticeseekIn,7,TRUE,FALSE,NA,NA
286,"RT @thenewsminute: After 41 days of strike, Telangana RTC employees drop merger demand
https://t.co/NnAHdYgHvP",FALSE,0,NA,FALSE,NA,1.19519E+18,NA,a_busy_woman,3,TRUE,FALSE,NA,NA
287,"After 41 days of strike, Telangana RTC employees drop merger demand
https://t.co/NnAHdYgHvP",FALSE,3,NA,FALSE,NA,1.19518E+18,NA,thenewsminute,3,FALSE,FALSE,NA,NA
288,RT @Iamtssudhir: The #Telangana #RTC unions drop their demand to merge with the govt and ask CM #KCR to discuss the other demands. But afte…,FALSE,0,NA,FALSE,NA,1.19517E+18,NA,FilterKaapiLive,7,TRUE,FALSE,NA,NA
289,RT @Iamtssudhir: The #Telangana #RTC unions drop their demand to merge with the govt and ask CM #KCR to discuss the other demands. But afte…,FALSE,0,NA,FALSE,NA,1.19516E+18,NA,abhay123ANA,7,TRUE,FALSE,NA,NA
290,RT @Iamtssudhir: The #Telangana #RTC unions drop their demand to merge with the govt and ask CM #KCR to discuss the other demands. But afte…,FALSE,0,NA,FALSE,NA,1.19516E+18,NA,kshatri75,7,TRUE,FALSE,NA,NA
291,RT @Iamtssudhir: The #Telangana #RTC unions drop their demand to merge with the govt and ask CM #KCR to discuss the other demands. But afte…,FALSE,0,NA,FALSE,NA,1.19516E+18,NA,umasudhir,7,TRUE,FALSE,NA,NA
292,The #Telangana #RTC unions drop their demand to merge with the govt and ask CM #KCR to discuss the other demands. B… https://t.co/xOw1eEaipN,FALSE,22,NA,TRUE,NA,1.19514E+18,NA,Iamtssudhir,7,FALSE,FALSE,NA,NA
293,"In #Telangana, another RTC worker commits #suicide, fifth in a month.

#RTC employees are on strike for more than 4… https://t.co/VytnnIsC6B",FALSE,2,NA,TRUE,NA,1.19507E+18,NA,NetaMedia,0,FALSE,FALSE,NA,NA
294,@republic @ShaikMohsin988 What central government is doing .y central government is not involving in @tsrtc  strike… https://t.co/0s0kdvJT2v,FALSE,0,republic,TRUE,1.19485E+18,1.19504E+18,8.11972E+17,Sandeep56156852,0,FALSE,FALSE,NA,NA
295,"Bhadradri hundi collection nosedives, thanks to RTC strike, stalling of Papikondalu services #Bhadrachalam… https://t.co/0d32rKIBQ0",FALSE,0,NA,TRUE,NA,1.19502E+18,NA,TheHansIndiaWeb,0,FALSE,FALSE,NA,NA
296,@PMOIndia in Telangana state KCR is telling that PM Modi has given orders to privatization of RTC to him by some go… https://t.co/PKDVH2JoBj,FALSE,0,PMOIndia,TRUE,NA,1.19498E+18,471741741,ravikan71852537,0,FALSE,FALSE,NA,NA
297,This is the situation in TELANGANA bcs of rtc strike...students are suffering a lot. @PMOIndia @KTRTRS @timesofindia https://t.co/7UOnzHq8Ts,FALSE,0,NA,FALSE,NA,1.19491E+18,NA,Grakesh16,0,FALSE,FALSE,NA,NA
298,Depressed with CM KCR's decision over the RTC merger with government and fearing of losing his job another RTC empl… https://t.co/BEhPy1lByA,FALSE,0,NA,TRUE,NA,1.19491E+18,NA,SakshiPost,0,FALSE,FALSE,NA,NA
299,"RT @palefire999: KCR should understand the risk he is running with the RTC strike. In mass protests, when people get desperate, things coul…",FALSE,0,NA,FALSE,NA,1.1949E+18,NA,nivas999999,11,TRUE,FALSE,NA,NA
300,RT @republic: TSRTC strike: BJP accuses KCR government of trying to to privatise RTC https://t.co/bolc6M86rj,FALSE,0,NA,FALSE,NA,1.1949E+18,NA,ShaikMohsin988,3,TRUE,FALSE,NA,NA
301,RT @republic: TSRTC strike: BJP accuses KCR government of trying to to privatise RTC https://t.co/bolc6M86rj,FALSE,0,NA,FALSE,NA,1.19487E+18,NA,BiswalImagine,3,TRUE,FALSE,NA,NA
302,#rtcstrike #RTC The comic show is going on in Telangana HC ..RTC strike...Court wants three retd SC judge committee… https://t.co/DCoIyxQHON,FALSE,1,NA,TRUE,NA,1.19486E+18,NA,ChanakyaSays,0,FALSE,FALSE,NA,NA
303,"RT @palefire999: KCR should understand the risk he is running with the RTC strike. In mass protests, when people get desperate, things coul…",FALSE,0,NA,FALSE,NA,1.19486E+18,NA,sriharshatumati,11,TRUE,FALSE,NA,NA
304,"RT @palefire999: KCR should understand the risk he is running with the RTC strike. In mass protests, when people get desperate, things coul…",FALSE,0,NA,FALSE,NA,1.19486E+18,NA,santoshkatta776,11,TRUE,FALSE,NA,NA
305,TSRTC strike: BJP accuses KCR government of trying to to privatise RTC https://t.co/bolc6M86rj,FALSE,9,NA,FALSE,NA,1.19485E+18,NA,republic,3,FALSE,FALSE,NA,NA
306,"RT @palefire999: KCR should understand the risk he is running with the RTC strike. In mass protests, when people get desperate, things coul…",FALSE,0,NA,FALSE,NA,1.19485E+18,NA,Bhavincbn,11,TRUE,FALSE,NA,NA
307,"RT @NagaThalla: SFI Telangana Committee support of the RTC workers' hunger strike ..! At Suryapet, Telangana.
State Secretary NagaRaju and…",FALSE,0,NA,FALSE,NA,1.19482E+18,NA,ChapileSaikris1,2,TRUE,FALSE,NA,NA
308,"@AmitShah Thank you sir for taking the decision about Maharashtra state..
As coming to Telangana state, since 40DAY… https://t.co/0PbuBhpzlW",FALSE,0,AmitShah,TRUE,1.19465E+18,1.19479E+18,1447949844,ANILYARA2,0,FALSE,FALSE,NA,NA
309,RT @Sreeniv27042512: RTC Employees are dying in Telangana and it's been 40 days for their strike. Can't central do anything? Can't media do…,FALSE,0,NA,FALSE,NA,1.19476E+18,NA,ramIND_WRITES3,1,TRUE,FALSE,NA,NA
310,RT @TheHansIndiaWeb: Take steps to end RTC strike: Bhatti to KCR #MalluBhattiVikramarka #RTCStrike #CMKChandrashekarRao #Hyderabad https://…,FALSE,0,NA,FALSE,NA,1.19474E+18,NA,RTHyderabad,1,TRUE,FALSE,NA,NA
311,Take steps to end RTC strike: Bhatti to KCR #MalluBhattiVikramarka #RTCStrike #CMKChandrashekarRao #Hyderabad https://t.co/2zafI1kFwt,FALSE,0,NA,FALSE,NA,1.19474E+18,NA,TheHansIndiaWeb,1,FALSE,FALSE,NA,NA
312,RTC Employees are dying in Telangana and it's been 40 days for their strike. Can't central do anything? Can't media… https://t.co/oQX6MzwGQf,FALSE,0,NA,TRUE,NA,1.19468E+18,NA,Sreeniv27042512,1,FALSE,FALSE,NA,NA
313,"@Swamy39 
RTC Employees are dying in Telangana and it's been 40 days for their strike. Can't central do anything? C… https://t.co/Y5RxgtrPOR",FALSE,0,Swamy39,TRUE,NA,1.19468E+18,60937837,Sreeniv27042512,0,FALSE,FALSE,NA,NA
314,@Swamy39 RTC Employees are dying in Telangana and it's been 40 days for their strike. Can't central do anything? Ca… https://t.co/K8zDHqPwE1,FALSE,0,Swamy39,TRUE,1.19447E+18,1.19468E+18,60937837,Sreeniv27042512,0,FALSE,FALSE,NA,NA
315,@AmitShah RTC Employees are dying in Telangana and it's been 40 days for their strike. Can't central do anything? C… https://t.co/cbevRBt7ik,FALSE,0,AmitShah,TRUE,1.19465E+18,1.19467E+18,1447949844,Sreeniv27042512,0,FALSE,FALSE,NA,NA
316,@narendramodi RTC Employees are dying in Telangana and it's been 40 days for their strike. Can't central do anythin… https://t.co/WstlResWm5,FALSE,0,narendramodi,TRUE,1.19454E+18,1.19467E+18,18839785,Sreeniv27042512,0,FALSE,FALSE,NA,NA
317,"@PMOIndia  
RTC Employees are dying in Telangana and it's been 40 days for their strike. Can't central do anything?… https://t.co/af6sdFBim6",FALSE,0,PMOIndia,TRUE,NA,1.19467E+18,471741741,Sreeniv27042512,0,FALSE,FALSE,NA,NA
318,"@trspartyonline @TelanganaCMO
@KTRTRS @MinisterKTR your losing people love https://t.co/vpSIkC21jV",FALSE,0,trspartyonline,FALSE,NA,1.19466E+18,2375182790,imad_awesome,0,FALSE,FALSE,NA,NA
319,He reportedly consumed pesticide after penning a suicide note in which he held the state government responsible for… https://t.co/nT27s5NOvO,FALSE,3,NA,TRUE,NA,1.19465E+18,NA,BangaloreMirror,0,FALSE,FALSE,NA,NA
320,Please Checkout this news - Telangana High Court Hearing On RTC Strike Live | TSRTC Strike Live… https://t.co/OBnYtQLWEI,FALSE,0,NA,TRUE,NA,1.19464E+18,NA,manatelugu,0,FALSE,FALSE,NA,NA
321,Telangana High Court Hearing On RTC Strike Live | TSRTC Strike Live: watch Telangana High… https://t.co/XxZyKF1YKQ,FALSE,0,NA,FALSE,NA,1.19464E+18,NA,manatelugumovie,0,FALSE,FALSE,NA,NA
322,"RT @MahaaOfficial: Telangana Government Rejected High Court proposal Over RTC Strike...!!
#TSRTC #Mahaanews #Mahaanewslive
https://t.co/tyo…",FALSE,0,NA,FALSE,NA,1.19464E+18,NA,krajur,2,TRUE,FALSE,NA,NA
323,RT @NH_India: Scores of Telangana State Road Transport Corporation (#TSRTC) workers along with members of some political parties took out a…,FALSE,0,NA,FALSE,NA,1.19464E+18,NA,krajur,11,TRUE,FALSE,NA,NA
324,"One more hapless driver ends life as Telangana RTC staff strike enters 40th day

https://t.co/PMe4jipl2F",FALSE,3,NA,FALSE,NA,1.19463E+18,NA,MumbaiMirror,0,FALSE,FALSE,NA,NA
325,"RT @palefire999: KCR should understand the risk he is running with the RTC strike. In mass protests, when people get desperate, things coul…",FALSE,0,NA,FALSE,NA,1.19462E+18,NA,TelangaanaBidda,11,TRUE,FALSE,NA,NA
326,"RT @NewsMeter_In: The stalemate over the ongoing #Telangana #RTCstrike, which entered its 40th day, further deepened on Wednesday after the…",FALSE,0,NA,FALSE,NA,1.19462E+18,NA,Firdous19492759,3,TRUE,FALSE,NA,NA
327,RT @NH_India: Scores of Telangana State Road Transport Corporation (#TSRTC) workers along with members of some political parties took out a…,FALSE,0,NA,FALSE,NA,1.19462E+18,NA,INCRamakrishna,11,TRUE,FALSE,NA,NA
328,"RT @NewsMeter_In: The stalemate over the ongoing #Telangana #RTCstrike, which entered its 40th day, further deepened on Wednesday after the…",FALSE,0,NA,FALSE,NA,1.19462E+18,NA,PTelangana,3,TRUE,FALSE,NA,NA
329,RT @thenewsminute: Another transport employee dies by suicide as Telangana RTC strike enters 40th day https://t.co/6wHiW1ZmxW,FALSE,0,NA,FALSE,NA,1.19462E+18,NA,varun18vijay,3,TRUE,FALSE,NA,NA
330,"The stalemate over the ongoing #Telangana #RTCstrike, which entered its 40th day, further deepened on Wednesday aft… https://t.co/tIvGISEloW",FALSE,4,NA,TRUE,NA,1.19462E+18,NA,NewsMeter_In,3,FALSE,FALSE,NA,NA
331,"RT @MahaaOfficial: Telangana Government Rejected High Court proposal Over RTC Strike...!!
#TSRTC #Mahaanews #Mahaanewslive
https://t.co/tyo…",FALSE,0,NA,FALSE,NA,1.19462E+18,NA,ShaikMohsin988,2,TRUE,FALSE,NA,NA
332,"RT @nagavpd: @KTRTRS 
Sir,
You are the youth icon and future CM of telangana ,kindly intervene and please try to resolve the RTC issue ,tot…",FALSE,0,NA,FALSE,NA,1.19462E+18,NA,ShaikMohsin988,1,TRUE,FALSE,NA,NA
333,RT @NH_India: Scores of Telangana State Road Transport Corporation (#TSRTC) workers along with members of some political parties took out a…,FALSE,0,NA,FALSE,NA,1.19461E+18,NA,ShaikMohsin988,11,TRUE,FALSE,NA,NA
334,"@AmitShah Hello Sir. With deep heavy heartedly, im tweeting about issue of RTC strike which is going on Telangana.… https://t.co/xj2gIsikqY",FALSE,0,AmitShah,TRUE,NA,1.19461E+18,1447949844,SrinathDeshmuk1,0,FALSE,FALSE,NA,NA
335,"@trspartyonline @TelanganaCMO
@KTRTRS @MinisterKTR your losing people love https://t.co/vpSIkCjCbt",FALSE,0,trspartyonline,FALSE,NA,1.19461E+18,2375182790,imad_awesome,0,FALSE,FALSE,NA,NA
336,RT @NH_India: Scores of Telangana State Road Transport Corporation (#TSRTC) workers along with members of some political parties took out a…,FALSE,0,NA,FALSE,NA,1.1946E+18,NA,rajesh_balne,11,TRUE,FALSE,NA,NA
337,"RT @palefire999: KCR should understand the risk he is running with the RTC strike. In mass protests, when people get desperate, things coul…",FALSE,0,NA,FALSE,NA,1.19459E+18,NA,I_dinutweets,11,TRUE,FALSE,NA,NA
338,"RT @palefire999: KCR should understand the risk he is running with the RTC strike. In mass protests, when people get desperate, things coul…",FALSE,0,NA,FALSE,NA,1.19458E+18,NA,heicloud23,11,TRUE,FALSE,NA,NA
339,"KCR should understand the risk he is running with the RTC strike. In mass protests, when people get desperate, thin… https://t.co/7kd72BhQnA",FALSE,10,NA,TRUE,NA,1.19458E+18,NA,palefire999,11,FALSE,FALSE,NA,NA
340,"Veeraiah Analysis On TRS Government | RTC Strike | T10
Must #WATCH on #t10
@t10original @trspartyonline @SVeeraiah… https://t.co/EXQp9RQzrd",FALSE,0,NA,TRUE,NA,1.19458E+18,NA,t10original,0,FALSE,FALSE,NA,NA
341,"@KTRTRS 
Sir,
You are the youth icon and future CM of telangana ,kindly intervene and please try to resolve the RTC… https://t.co/NYER01bwsF",FALSE,0,KTRTRS,TRUE,NA,1.19457E+18,118787224,nagavpd,1,FALSE,FALSE,NA,NA
342,"Telangana Government Rejected High Court proposal Over RTC Strike...!!
#TSRTC #Mahaanews #Mahaanewslive
https://t.co/tyorVSrBiW",FALSE,0,NA,FALSE,NA,1.19457E+18,NA,MahaaOfficial,2,FALSE,FALSE,NA,NA
343,Another transport employee dies by suicide as Telangana RTC strike enters 40th day https://t.co/VOx07xuOdl,FALSE,0,NA,FALSE,NA,1.19456E+18,NA,VenkatKolagari,0,FALSE,FALSE,NA,NA
344,RT @NH_India: Scores of Telangana State Road Transport Corporation (#TSRTC) workers along with members of some political parties took out a…,FALSE,0,NA,FALSE,NA,1.19456E+18,NA,gahlotshagufta,11,TRUE,FALSE,NA,NA
345,Telangana Govt Has No Intention To End RTC Strike? https://t.co/5xkurUhsm3 https://t.co/Y4AMz88RLq,FALSE,0,NA,FALSE,NA,1.19456E+18,NA,fasak24x7,0,FALSE,FALSE,NA,NA
346,"Telangana High Court Hearing On RTC Strike Live | TSRTC Strike Live | hmtv 
#TSRTCStrike #hmtv
https://t.co/HxlXcBXtU0",FALSE,3,NA,FALSE,NA,1.19455E+18,NA,hmtvlive,0,FALSE,FALSE,NA,NA
347,RT @NH_India: Scores of Telangana State Road Transport Corporation (#TSRTC) workers along with members of some political parties took out a…,FALSE,0,NA,FALSE,NA,1.19455E+18,NA,2007Debasish,11,TRUE,FALSE,NA,NA
348,RT @thenewsminute: Another transport employee dies by suicide as Telangana RTC strike enters 40th day https://t.co/6wHiW1ZmxW,FALSE,0,NA,FALSE,NA,1.19455E+18,NA,NitinBGoode,3,TRUE,FALSE,NA,NA
349,RT @NH_India: Scores of Telangana State Road Transport Corporation (#TSRTC) workers along with members of some political parties took out a…,FALSE,0,NA,FALSE,NA,1.19455E+18,NA,narenderjatt,11,TRUE,FALSE,NA,NA
350,RT @thenewsminute: Another transport employee dies by suicide as Telangana RTC strike enters 40th day https://t.co/6wHiW1ZmxW,FALSE,0,NA,FALSE,NA,1.19455E+18,NA,divya_amanna,3,TRUE,FALSE,NA,NA
351,"I just posted ""Telangana RTC strike: HC to set up panel with retired SC judges to break impasse"" on Reddit

https://t.co/m2sTKr7Qez",FALSE,0,NA,FALSE,NA,1.19455E+18,NA,TodayBharat,0,FALSE,FALSE,NA,NA
352,Another transport employee dies by suicide as Telangana RTC strike enters 40th day https://t.co/6wHiW1ZmxW,FALSE,1,NA,FALSE,NA,1.19454E+18,NA,thenewsminute,3,FALSE,FALSE,NA,NA
353,Telangana Govt rejects High Court proposal to constitute a high level committee comprising of 3 retired Supreme Cou… https://t.co/lP0RlTZ2g6,FALSE,2,NA,TRUE,NA,1.19454E+18,NA,LVenkatRamRedd1,0,FALSE,FALSE,NA,NA
354,RT @NH_India: Scores of Telangana State Road Transport Corporation (#TSRTC) workers along with members of some political parties took out a…,FALSE,0,NA,FALSE,NA,1.19454E+18,NA,vinayka59670035,11,TRUE,FALSE,NA,NA
355,Scores of Telangana State Road Transport Corporation (#TSRTC) workers along with members of some political parties… https://t.co/0VjjJ9KC24,FALSE,22,NA,TRUE,NA,1.19454E+18,NA,NH_India,11,FALSE,FALSE,NA,NA
356,Telangana RTC strike: HC to set up panel with retired SC judges to break impasse  In a bid to end the ongoing deadl… https://t.co/7Sfw31bsdp,FALSE,0,NA,TRUE,NA,1.19454E+18,NA,TodayBharatNews,0,FALSE,FALSE,NA,NA
357,Telangana RTC strike: HC to set up panel with retired SC judges to break impasse - The News Minute https://t.co/ZhU3ewYYj4,FALSE,0,NA,FALSE,NA,1.19453E+18,NA,doctr_pro,0,FALSE,FALSE,NA,NA
358,"RT @SakshiPost: #Mahabubabad #TSRTC Depot Driver Commits Suicide  #tsrtcstrike   
#Telangana 
https://t.co/jn83OCto5l",FALSE,0,NA,FALSE,NA,1.19451E+18,NA,ShaikMohsin988,2,TRUE,FALSE,NA,NA
359,"#Mahabubabad #TSRTC Depot Driver Commits Suicide  #tsrtcstrike   
#Telangana 
https://t.co/jn83OCto5l",FALSE,0,NA,FALSE,NA,1.1945E+18,NA,SakshiPost,2,FALSE,FALSE,NA,NA
360,RT @thenewsminute: Telangana RTC strike reaches Washington: TRS leader Vinod Kumar faces protests https://t.co/usA0EUWojM,FALSE,0,NA,FALSE,NA,1.19448E+18,NA,varun18vijay,1,TRUE,FALSE,NA,NA
361,"RT @GPK_IND: It's 40th day, 50k Telangana RTC employees are on Strike ,their entire families are on roads, no salaries ,can't manage their…",FALSE,0,NA,FALSE,NA,1.19448E+18,NA,sumanth_veleti,2,TRUE,FALSE,NA,NA
362,"RT @thenewsminute: Telangana RTC strike: HC to set up panel with retired SC judges to break impasse
https://t.co/OxzoCkh1dl",FALSE,0,NA,FALSE,NA,1.19446E+18,NA,NitinBGoode,1,TRUE,FALSE,NA,NA
363,"Telangana RTC strike: HC to set up panel with retired SC judges to break impasse
https://t.co/OxzoCkh1dl",FALSE,3,NA,FALSE,NA,1.19446E+18,NA,thenewsminute,1,FALSE,FALSE,NA,NA
364,Telangana RTC strike: HC to set up panel with retired SC judges to break impasse https://t.co/4nQqGcMjqC,FALSE,0,NA,FALSE,NA,1.19446E+18,NA,KalkiSpeaks,0,FALSE,FALSE,NA,NA
365,The #Telangana High Court has proposed to set up a committee with three retired judges of the Supreme Court to stud… https://t.co/0Qf43drxho,FALSE,3,NA,TRUE,NA,1.19446E+18,NA,businessline,0,FALSE,FALSE,NA,NA
366,"Chaotic situation in #Telangana.

RTC employees are on 'strike' mode.

Revenue employees are on 'pen-down' mode.… https://t.co/1DNPGmrLK7",FALSE,0,NA,TRUE,NA,1.19443E+18,NA,The_Real_Punch,0,FALSE,FALSE,NA,NA
367,"RT @GPK_IND: It's 40th day, 50k Telangana RTC employees are on Strike ,their entire families are on roads, no salaries ,can't manage their…",FALSE,0,NA,FALSE,NA,1.19434E+18,NA,TelangaanaBidda,2,TRUE,FALSE,NA,NA
368,KCR tried to dilute strike but failed: RTC JAC Co-convener #Yadadri-Bhongir #RTCworkers #TSRTCJACco-convenerRajiRed… https://t.co/hsKVXChQKn,FALSE,0,NA,TRUE,NA,1.19432E+18,NA,TheHansIndiaWeb,0,FALSE,FALSE,NA,NA
369,"RT @XpressHyderabad: Hunger strike, Raasta roko and blocking MLA quarters are some of the next protests the RTC JAC has planned as strike e…",FALSE,0,NA,FALSE,NA,1.1943E+18,NA,simhadribolarum,2,TRUE,FALSE,NA,NA
370,Telangana RTC strike reaches Washington: TRS leader Vinod Kumar faces protests | The News Minute https://t.co/CRKsaX6yuv,FALSE,3,NA,FALSE,NA,1.1943E+18,NA,reddyharshith07,0,FALSE,FALSE,NA,NA
371,RT @Iamashwinallari: Telangana RTC strike reaches Washington: TRS leader Vinod Kumar faces protests | The News Minute https://t.co/DiMGwaf9…,FALSE,0,NA,FALSE,NA,1.19429E+18,NA,HydWatch,1,TRUE,FALSE,NA,NA
372,"It's 40th day, 50k Telangana RTC employees are on Strike ,their entire families are on roads, no salaries ,can't ma… https://t.co/J1kXsojQOF",FALSE,5,NA,TRUE,NA,1.19429E+18,NA,GPK_IND,2,FALSE,FALSE,NA,NA
373,Telangana RTC strike reaches Washington: TRS leader Vinod Kumar faces protests | The News Minute https://t.co/DiMGwaf9kg,FALSE,0,NA,FALSE,NA,1.19427E+18,NA,Iamashwinallari,1,FALSE,FALSE,NA,NA
374,Telangana RTC strike reaches Washington: TRS leader Vinod Kumar faces protests https://t.co/usA0EUWojM,FALSE,2,NA,FALSE,NA,1.19426E+18,NA,thenewsminute,1,FALSE,FALSE,NA,NA
375,"RT @NagaThalla: SFI Telangana Committee support of the RTC workers' hunger strike ..! At Suryapet, Telangana.
State Secretary NagaRaju and…",FALSE,0,NA,FALSE,NA,1.19426E+18,NA,balraj_madduri,2,TRUE,FALSE,NA,NA
376,@AkhilAgeer @KTRTRS @TelanganaCMO @HiHyderabad @hyderabadtimes @hyderabad @newsinhyderabad No will not agree with y… https://t.co/L6jxRID3J6,FALSE,0,AkhilAgeer,TRUE,1.19402E+18,1.19424E+18,2275511246,KranthiLolugu,0,FALSE,FALSE,NA,NA
377,"SFI Telangana Committee support of the RTC workers' hunger strike ..! At Suryapet, Telangana.
State Secretary NagaR… https://t.co/Yk7zEj6scc",FALSE,5,NA,TRUE,NA,1.19424E+18,NA,NagaThalla,2,FALSE,FALSE,NA,NA
378,RT @PVSIVAKUMAR1: Sad state in a State that vowed to take education frm KG to PG ! Attendance declining in govt. schools due to RTC strike:…,FALSE,0,NA,FALSE,NA,1.19424E+18,NA,chvijay24,6,TRUE,FALSE,NA,NA
379,Attendance declining in govt. schools due to RTC strike  https://t.co/fFpHbeQIu0,FALSE,0,NA,FALSE,NA,1.19424E+18,NA,18AKGOYAL,0,FALSE,FALSE,NA,NA
380,Telangana RTC strike reaches Washington: TRS leader Vinod Kumar faces protests | The News Minute https://t.co/rUeJjJFfWi,FALSE,0,NA,FALSE,NA,1.19422E+18,NA,Vishwapad,0,FALSE,FALSE,NA,NA
381,"RT @atoznewsdotin1: American Telangana Development Forum, NRI’s Supports TSRTC Strike | Save RTC | V6 Telugu News https://t.co/iNjRd0ytgu",FALSE,0,NA,FALSE,NA,1.19421E+18,NA,ShaikMohsin988,1,TRUE,FALSE,NA,NA
382,RT @PVSIVAKUMAR1: Sad state in a State that vowed to take education frm KG to PG ! Attendance declining in govt. schools due to RTC strike:…,FALSE,0,NA,FALSE,NA,1.1942E+18,NA,Saikris98613493,6,TRUE,FALSE,NA,NA
383,"American Telangana Development Forum, NRI’s Supports TSRTC Strike | Save RTC | V6 Telugu News https://t.co/iNjRd0ytgu",FALSE,0,NA,FALSE,NA,1.19418E+18,NA,atoznewsdotin1,1,FALSE,FALSE,NA,NA
384,RT @PVSIVAKUMAR1: Sad state in a State that vowed to take education frm KG to PG ! Attendance declining in govt. schools due to RTC strike:…,FALSE,0,NA,FALSE,NA,1.19418E+18,NA,TheyBriefedme,6,TRUE,FALSE,NA,NA
385,"RT @thenewsminute: Telangana RTC strike reaches Washington: TRS leader Vinod Kumar faces protests
https://t.co/usA0EVdZbk",FALSE,0,NA,FALSE,NA,1.19418E+18,NA,disruptionist_,4,TRUE,FALSE,NA,NA
386,Telangana RTC strike reaches Washington: TRS leader Vinod Kumar faces protests - The News Minute https://t.co/JLfcsddRkm,FALSE,0,NA,FALSE,NA,1.19418E+18,NA,CrisisDigest,0,FALSE,FALSE,NA,NA
387,RT @PVSIVAKUMAR1: Sad state in a State that vowed to take education frm KG to PG ! Attendance declining in govt. schools due to RTC strike:…,FALSE,0,NA,FALSE,NA,1.19417E+18,NA,susheelraju,6,TRUE,FALSE,NA,NA
388,"RT @thenewsminute: Telangana RTC strike reaches Washington: TRS leader Vinod Kumar faces protests
https://t.co/usA0EVdZbk",FALSE,0,NA,FALSE,NA,1.19416E+18,NA,varun18vijay,4,TRUE,FALSE,NA,NA
389,RT @PVSIVAKUMAR1: Sad state in a State that vowed to take education frm KG to PG ! Attendance declining in govt. schools due to RTC strike:…,FALSE,0,NA,FALSE,NA,1.19416E+18,NA,bobbili,6,TRUE,FALSE,NA,NA
390,RT @PVSIVAKUMAR1: Sad state in a State that vowed to take education frm KG to PG ! Attendance declining in govt. schools due to RTC strike:…,FALSE,0,NA,FALSE,NA,1.19415E+18,NA,Azad18535058,6,TRUE,FALSE,NA,NA
391,Sad state in a State that vowed to take education frm KG to PG ! Attendance declining in govt. schools due to RTC s… https://t.co/f2HeRUWabU,FALSE,5,NA,TRUE,NA,1.19415E+18,NA,PVSIVAKUMAR1,6,FALSE,FALSE,NA,NA
392,"RT @thenewsminute: Telangana RTC strike reaches Washington: TRS leader Vinod Kumar faces protests
https://t.co/usA0EVdZbk",FALSE,0,NA,FALSE,NA,1.19415E+18,NA,NitinBGoode,4,TRUE,FALSE,NA,NA
393,RT @sushilrTOI: An RTC bus conductor in Nirmal has gone back to his old work of being a barber. As Mahipal has a family to feed and has got…,FALSE,0,NA,FALSE,NA,1.19415E+18,NA,NitinBGoode,1,TRUE,FALSE,NA,NA
394,"RTC Strike Day 39 : Protesters To Meet Telangana Governor Tamilisai..!!
#Telangana #Mahaanews
https://t.co/40cUN46C0L",FALSE,0,NA,FALSE,NA,1.19414E+18,NA,MahaaOfficial,0,FALSE,FALSE,NA,NA
395,"RT @thenewsminute: Telangana RTC strike reaches Washington: TRS leader Vinod Kumar faces protests
https://t.co/usA0EVdZbk",FALSE,0,NA,FALSE,NA,1.19412E+18,NA,boopalsridhar,4,TRUE,FALSE,NA,NA
396,RT @Raghvarma: Justice delayed is justice denied. At least #RTC strike is not illegal.#RTCStrike #tsrtcstrike #Telangana,FALSE,0,NA,FALSE,NA,1.19412E+18,NA,rajuram66388391,2,TRUE,FALSE,NA,NA
397,"Telangana RTC strike reaches Washington: TRS leader Vinod Kumar faces protests
https://t.co/usA0EVdZbk",FALSE,1,NA,FALSE,NA,1.19412E+18,NA,thenewsminute,4,FALSE,FALSE,NA,NA
398,Telangana RTC strike reaches Washington: TRS leader Vinod Kumar faces protests https://t.co/SgonaVt5dL,FALSE,14,NA,FALSE,NA,1.19411E+18,NA,dhanyarajendran,3,FALSE,FALSE,NA,NA
